"","IsolateID","Estimate","Standard Error","DF","t-value","Lower CI","Upper CI","p-value","Plant"
"IsolateID  1.01.01",1,2.7574,0.5688,3.3,4.85,1.0255,4.4893,0.0138,"PI.413153"
"IsolateID  1.01.02",2,2.3034,0.5688,3.3,4.05,0.5717,4.0352,0.0232,"PI.413153"
"IsolateID  1.01.03",3,2.7994,0.5692,3.3,4.92,1.0688,4.5301,0.0132,"PI.413153"
"IsolateID  1.01.04",4,2.0952,0.5691,3.3,3.68,0.3645,3.8259,0.0301,"PI.413153"
"IsolateID  1.01.06",5,2.6101,0.5915,3.8,4.41,0.9346,4.2855,0.0129,"PI.413153"
"IsolateID  1.01.15",6,2.724,0.5692,3.3,4.79,0.9933,4.4548,0.0143,"PI.413153"
"IsolateID  1.02.01",7,1.6402,0.5688,3.3,2.88,-0.0915,3.3719,0.0574,"PI.413153"
"IsolateID  1.02.02",8,1.5624,0.5689,3.3,2.75,-0.1691,3.2939,0.0647,"PI.413153"
"IsolateID  1.02.03",9,1.7956,0.5689,3.3,3.16,0.0641,3.5272,0.0455,"PI.413153"
"IsolateID  1.02.04",10,2.3193,0.569,3.3,4.08,0.588,4.0505,0.0227,"PI.413153"
"IsolateID  1.02.05",11,2.6746,0.5689,3.3,4.7,0.943,4.4062,0.0151,"PI.413153"
"IsolateID  1.02.06",12,2.1686,0.5691,3.3,3.81,0.4377,3.8995,0.0274,"PI.413153"
"IsolateID  1.02.13",13,0.9123,0.5916,3.8,1.54,-0.7631,2.5876,0.2014,"PI.413153"
"IsolateID  1.02.15",14,2.1843,0.569,3.3,3.84,0.4531,3.9156,0.0268,"PI.413153"
"IsolateID  1.02.16",15,1.4407,0.5689,3.3,2.53,-0.2907,3.1721,0.0786,"PI.413153"
"IsolateID  1.02.17",16,2.1523,0.5691,3.3,3.78,0.4215,3.8832,0.0279,"PI.413153"
"IsolateID  1.02.18",17,-0.0564,0.569,3.3,-0.1,-1.7875,1.6748,0.9269,"PI.413153"
"IsolateID  1.02.20",18,2.7769,0.5915,3.8,4.69,1.1013,4.4524,0.0105,"PI.413153"
"IsolateID  1.03.02",19,2.5725,0.569,3.3,4.52,0.8412,4.3038,0.0169,"PI.413153"
"IsolateID  1.03.04",20,1.8455,0.5688,3.3,3.24,0.1138,3.5772,0.0424,"PI.413153"
"IsolateID  1.03.12",21,1.768,0.569,3.3,3.11,0.0366,3.4993,0.0474,"PI.413153"
"IsolateID  1.03.16",22,2.1118,0.5691,3.3,3.71,0.3809,3.8428,0.0295,"PI.413153"
"IsolateID  1.03.18",23,1.9699,0.5688,3.3,3.46,0.2381,3.7017,0.0357,"PI.413153"
"IsolateID  1.03.19",24,1.9331,0.5689,3.3,3.4,0.2016,3.6646,0.0375,"PI.413153"
"IsolateID  1.03.20",25,0.1679,0.5691,3.3,0.3,-1.563,1.8988,0.7858,"PI.413153"
"IsolateID  1.03.22",26,1.7984,0.5689,3.3,3.16,0.0667,3.5301,0.0454,"PI.413153"
"IsolateID  1.03.23",27,2.4744,0.5689,3.3,4.35,0.7427,4.206,0.0189,"PI.413153"
"IsolateID  1.04.01",28,2.294,0.5691,3.3,4.03,0.5631,4.0248,0.0234,"PI.413153"
"IsolateID  1.04.02",29,0.9757,0.5688,3.3,1.72,-0.756,2.7075,0.1775,"PI.413153"
"IsolateID  1.04.03",30,1.4815,0.5689,3.3,2.6,-0.25,3.213,0.0736,"PI.413153"
"IsolateID  1.04.04",31,2.79,0.5688,3.3,4.91,1.0581,4.522,0.0133,"PI.413153"
"IsolateID  1.04.05",32,2.2209,0.569,3.3,3.9,0.4896,3.9522,0.0256,"PI.413153"
"IsolateID  1.04.12",33,2.1846,0.5915,3.8,3.69,0.509,3.8602,0.0229,"PI.413153"
"IsolateID  1.04.15",34,1.2151,0.569,3.3,2.14,-0.5162,2.9464,0.1151,"PI.413153"
"IsolateID  1.04.17",35,2.6892,0.5917,3.8,4.55,1.014,4.3644,0.0117,"PI.413153"
"IsolateID  1.04.19",36,2.2199,0.5691,3.3,3.9,0.4891,3.9508,0.0256,"PI.413153"
"IsolateID  1.04.20",37,1.7698,0.5692,3.3,3.11,0.0391,3.5005,0.0472,"PI.413153"
"IsolateID  1.04.21",38,1.6998,0.5692,3.3,2.99,-0.0308,3.4305,0.0523,"PI.413153"
"IsolateID  1.04.25",39,2.1162,0.5689,3.3,3.72,0.3848,3.8476,0.0293,"PI.413153"
"IsolateID  1.05.11",40,1.624,0.5688,3.3,2.85,-0.1077,3.3557,0.0588,"PI.413153"
"IsolateID  1.05.14",41,2.4565,0.5691,3.3,4.32,0.7255,4.1875,0.0193,"PI.413153"
"IsolateID  1.05.17",42,1.3091,0.5691,3.3,2.3,-0.422,3.0401,0.0978,"PI.413153"
"IsolateID  1.05.22",43,2.5208,0.5688,3.3,4.43,0.7888,4.2527,0.0179,"PI.413153"
"IsolateID  1.05.24",44,2.0489,0.5691,3.3,3.6,0.3181,3.7798,0.032,"PI.413153"
"IsolateID  2.04.03",45,3.4412,0.5691,3.3,6.05,1.7103,5.1721,0.0071,"PI.413153"
"IsolateID  2.04.04",46,3.3528,0.5913,3.8,5.67,1.677,5.0287,0.0055,"PI.413153"
"IsolateID  2.04.08",47,3.6423,0.5688,3.3,6.4,1.9106,5.374,0.006,"PI.413153"
"IsolateID  2.04.09",48,3.002,0.5688,3.3,5.28,1.2702,4.7339,0.0107,"PI.413153"
"IsolateID  2.04.11",49,3.1814,0.5688,3.3,5.59,1.4496,4.9131,0.009,"PI.413153"
"IsolateID  2.04.12",50,2.9333,0.5689,3.3,5.16,1.2019,4.6646,0.0115,"PI.413153"
"IsolateID  2.04.14",51,2.6819,0.5691,3.3,4.71,0.9512,4.4127,0.0149,"PI.413153"
"IsolateID  2.04.17",52,3.3896,0.5687,3.3,5.96,1.6575,5.1216,0.0075,"PI.413153"
"IsolateID  2.04.18",53,3.0979,0.5689,3.3,5.45,1.3664,4.8294,0.0098,"PI.413153"
"IsolateID  2.04.20",54,3.3067,0.5689,3.3,5.81,1.5751,5.0383,0.008,"PI.413153"
"IsolateID  2.04.21",55,2.7079,0.5692,3.3,4.76,0.9772,4.4385,0.0145,"PI.413153"
"IsolateID  2004",56,1.7033,0.5691,3.3,2.99,-0.0278,3.4343,0.0521,"PI.413153"
"IsolateID  94.1",57,1.9938,0.5688,3.3,3.5,0.2621,3.7255,0.0345,"PI.413153"
"IsolateID  94.4",58,1.2074,0.569,3.3,2.12,-0.5239,2.9386,0.1167,"PI.413153"
"IsolateID  Acacia",59,1.8042,0.569,3.3,3.17,0.0731,3.5353,0.0449,"PI.413153"
"IsolateID  Apple404",60,2.4894,0.5688,3.3,4.38,0.7576,4.2213,0.0186,"PI.413153"
"IsolateID  Apple517",61,1.9766,0.5689,3.3,3.47,0.2451,3.708,0.0353,"PI.413153"
"IsolateID  Ausubel",62,1.7013,0.5687,3.3,2.99,-0.0308,3.4333,0.0523,"PI.413153"
"IsolateID  B05.10",63,1.0714,0.5689,3.3,1.88,-0.6602,2.803,0.1488,"PI.413153"
"IsolateID  BMM",64,2.2798,0.5689,3.3,4.01,0.5482,4.0113,0.0238,"PI.413153"
"IsolateID  BPA1",65,2.402,0.5689,3.3,4.22,0.6706,4.1334,0.0206,"PI.413153"
"IsolateID  DavisNavel",66,0.0973,0.569,3.3,0.17,-1.6338,1.8285,0.8742,"PI.413153"
"IsolateID  EsparatoFresa",67,1.1859,0.5692,3.3,2.08,-0.5448,2.9166,0.1211,"PI.413153"
"IsolateID  Fd1",68,2.1814,0.5916,3.8,3.69,0.5061,3.8568,0.0229,"PI.413153"
"IsolateID  Fd2",69,2.1594,0.5692,3.3,3.79,0.4287,3.89,0.0277,"PI.413153"
"IsolateID  Fresa525",70,2.4264,0.5918,3.8,4.1,0.7514,4.1014,0.0164,"PI.413153"
"IsolateID  FresaSD",71,1.4917,0.5916,3.8,2.52,-0.1836,3.1671,0.0683,"PI.413153"
"IsolateID  Gallo1",72,0.7145,0.5689,3.3,1.26,-1.0169,2.446,0.2916,"PI.413153"
"IsolateID  Gallo2",73,2.0173,0.5689,3.3,3.55,0.2856,3.749,0.0334,"PI.413153"
"IsolateID  Geranium",74,0.7898,0.5915,3.8,1.34,-0.8857,2.4653,0.256,"PI.413153"
"IsolateID  Grape",75,1.1841,0.5692,3.3,2.08,-0.5466,2.9148,0.1215,"PI.413153"
"IsolateID  KatieTomato",76,2.6475,0.5691,3.3,4.65,0.9166,4.3784,0.0155,"PI.413153"
"IsolateID  KernA2",77,2.2238,0.5919,3.8,3.76,0.5489,3.8987,0.0216,"PI.413153"
"IsolateID  KernB1",78,2.6679,0.5688,3.3,4.69,0.9361,4.3996,0.0152,"PI.413153"
"IsolateID  KernB2",79,2.6129,0.5689,3.3,4.59,0.8812,4.3445,0.0162,"PI.413153"
"IsolateID  KGB2",80,2.6431,0.5688,3.3,4.65,0.9113,4.3749,0.0156,"PI.413153"
"IsolateID  MEAP6G",81,2.316,0.5687,3.3,4.07,0.5839,4.048,0.0228,"PI.413153"
"IsolateID  Mex03",82,0.8865,0.569,3.3,1.56,-0.8447,2.6176,0.2099,"PI.413153"
"IsolateID  Molly",83,2.4716,0.5689,3.3,4.34,0.7401,4.2032,0.019,"PI.413153"
"IsolateID  Navel",84,2.5121,0.5918,3.8,4.24,0.8371,4.1871,0.0146,"PI.413153"
"IsolateID  NobleRot",85,1.3456,0.5688,3.3,2.37,-0.3863,3.0775,0.092,"PI.413153"
"IsolateID  Peachy",86,1.8593,0.5688,3.3,3.27,0.1275,3.5911,0.0416,"PI.413153"
"IsolateID  Pepper",87,1.6685,0.569,3.3,2.93,-0.0628,3.3999,0.0549,"PI.413153"
"IsolateID  PepperSub",88,1.9189,0.5689,3.3,3.37,0.1872,3.6505,0.0382,"PI.413153"
"IsolateID  PhiloMenlo",89,1.6866,0.5695,3.3,2.96,-0.0431,3.4164,0.0533,"PI.413153"
"IsolateID  Rasp",90,2.6197,0.5689,3.3,4.61,0.888,4.3513,0.016,"PI.413153"
"IsolateID  Rose",91,1.0916,0.569,3.3,1.92,-0.6396,2.8229,0.1434,"PI.413153"
"IsolateID  Supersteak",92,2.3262,0.5691,3.3,4.09,0.5951,4.0572,0.0225,"PI.413153"
"IsolateID  Triple3",93,2.5313,0.5692,3.3,4.45,0.8007,4.2619,0.0176,"PI.413153"
"IsolateID  Triple7",94,0.5257,0.569,3.3,0.92,-1.2056,2.257,0.4187,"PI.413153"
"IsolateID  UKRazz",95,3.5039,0.5691,3.3,6.16,1.7729,5.2349,0.0067,"PI.413153"
"IsolateID  1.01.011",1,2.3395,0.4213,6.8,5.55,1.336,3.3429,0.001,"PI.413153"
"IsolateID  1.01.021",2,2.3631,0.4214,6.8,5.61,1.3596,3.3665,9e-04,"PI.413153"
"IsolateID  1.01.031",3,2.6948,0.4218,6.8,6.39,1.6912,3.6984,4e-04,"PI.413153"
"IsolateID  1.01.041",4,2.2759,0.4217,6.8,5.4,1.2723,3.2795,0.0011,"PI.413153"
"IsolateID  1.01.061",5,2.4691,0.4421,8.2,5.59,1.4536,3.4846,5e-04,"PI.413153"
"IsolateID  1.01.151",6,2.2762,0.4217,6.8,5.4,1.2726,3.2798,0.0011,"PI.413153"
"IsolateID  1.02.011",7,1.9694,0.4214,6.8,4.67,0.9659,2.9729,0.0025,"PI.413153"
"IsolateID  1.02.021",8,2.294,0.4215,6.8,5.44,1.2905,3.2975,0.0011,"PI.413153"
"IsolateID  1.02.031",9,2.1284,0.4215,6.8,5.05,1.1248,3.1319,0.0016,"PI.413153"
"IsolateID  1.02.041",10,2.2626,0.4216,6.8,5.37,1.259,3.2661,0.0012,"PI.413153"
"IsolateID  1.02.051",11,2.7897,0.4215,6.8,6.62,1.7862,3.7932,3e-04,"PI.413153"
"IsolateID  1.02.061",12,2.2477,0.4217,6.8,5.33,1.2441,3.2512,0.0012,"PI.413153"
"IsolateID  1.02.131",13,0.6501,0.4422,8.2,1.47,-0.3655,1.6657,0.1789,"PI.413153"
"IsolateID  1.02.151",14,1.9766,0.4216,6.8,4.69,0.9731,2.9802,0.0024,"PI.413153"
"IsolateID  1.02.161",15,1.2258,0.4215,6.8,2.91,0.2223,2.2293,0.0236,"PI.413153"
"IsolateID  1.02.171",16,2.1713,0.4217,6.8,5.15,1.1677,3.1749,0.0015,"PI.413153"
"IsolateID  1.02.181",17,-0.0521,0.4216,6.8,-0.12,-1.0556,0.9515,0.9053,"PI.413153"
"IsolateID  1.02.201",18,2.2792,0.442,8.2,5.16,1.2638,3.2947,8e-04,"PI.413153"
"IsolateID  1.03.021",19,2.305,0.4216,6.8,5.47,1.3014,3.3085,0.001,"PI.413153"
"IsolateID  1.03.041",20,2.1987,0.4214,6.8,5.22,1.1952,3.2022,0.0014,"PI.413153"
"IsolateID  1.03.121",21,2.2094,0.4216,6.8,5.24,1.2059,3.2129,0.0013,"PI.413153"
"IsolateID  1.03.161",22,1.9222,0.4217,6.8,4.56,0.9186,2.9258,0.0028,"PI.413153"
"IsolateID  1.03.181",23,2.1275,0.4214,6.8,5.05,1.1241,3.131,0.0016,"PI.413153"
"IsolateID  1.03.191",24,1.7966,0.4215,6.8,4.26,0.793,2.8001,0.004,"PI.413153"
"IsolateID  1.03.201",25,0.0626,0.4217,6.8,0.15,-0.941,1.0662,0.8863,"PI.413153"
"IsolateID  1.03.221",26,1.2078,0.4215,6.8,2.87,0.2043,2.2112,0.025,"PI.413153"
"IsolateID  1.03.231",27,2.6671,0.4215,6.8,6.33,1.6636,3.6706,5e-04,"PI.413153"
"IsolateID  1.04.011",28,2.5537,0.4217,6.8,6.06,1.5501,3.5574,6e-04,"PI.413153"
"IsolateID  1.04.021",29,1.277,0.4214,6.8,3.03,0.2736,2.2805,0.0199,"PI.413153"
"IsolateID  1.04.031",30,2.2534,0.4215,6.8,5.35,1.2499,3.2569,0.0012,"PI.413153"
"IsolateID  1.04.041",31,2.6359,0.4214,6.8,6.26,1.6325,3.6394,5e-04,"PI.413153"
"IsolateID  1.04.051",32,2.0384,0.4216,6.8,4.84,1.0349,3.0419,0.0021,"PI.413153"
"IsolateID  1.04.121",33,2.1026,0.442,8.2,4.76,1.0871,3.1181,0.0013,"PI.413153"
"IsolateID  1.04.151",34,1.6231,0.4216,6.8,3.85,0.6196,2.6267,0.0067,"PI.413153"
"IsolateID  1.04.171",35,2.7382,0.4422,8.2,6.19,1.7226,3.7539,2e-04,"PI.413153"
"IsolateID  1.04.191",36,2.4718,0.4217,6.8,5.86,1.4682,3.4754,7e-04,"PI.413153"
"IsolateID  1.04.201",37,1.1688,0.4218,6.8,2.77,0.1652,2.1724,0.0285,"PI.413153"
"IsolateID  1.04.211",38,1.2636,0.4218,6.8,3,0.26,2.2672,0.0208,"PI.413153"
"IsolateID  1.04.251",39,2.2366,0.4216,6.8,5.31,1.2331,3.2401,0.0012,"PI.413153"
"IsolateID  1.05.111",40,2.2537,0.4215,6.8,5.35,1.2502,3.2572,0.0012,"PI.413153"
"IsolateID  1.05.141",41,2.869,0.4217,6.8,6.8,1.8655,3.8726,3e-04,"PI.413153"
"IsolateID  1.05.171",42,1.4243,0.4217,6.8,3.38,0.4207,2.4279,0.0124,"PI.413153"
"IsolateID  1.05.221",43,1.8621,0.4214,6.8,4.42,0.8586,2.8656,0.0034,"PI.413153"
"IsolateID  1.05.241",44,2.5376,0.4217,6.8,6.02,1.534,3.5411,6e-04,"PI.413153"
"IsolateID  2.04.031",45,3.0832,0.4217,6.8,7.31,2.0797,4.0868,2e-04,"PI.413153"
"IsolateID  2.04.041",46,3.4321,0.4419,8.2,7.77,2.4167,4.4475,0,"PI.413153"
"IsolateID  2.04.081",47,3.3354,0.4214,6.8,7.91,2.3319,4.3389,1e-04,"PI.413153"
"IsolateID  2.04.091",48,2.8628,0.4214,6.8,6.79,1.8594,3.8663,3e-04,"PI.413153"
"IsolateID  2.04.111",49,2.9853,0.4214,6.8,7.08,1.9818,3.9888,2e-04,"PI.413153"
"IsolateID  2.04.121",50,3.0124,0.4215,6.8,7.15,2.0089,4.0159,2e-04,"PI.413153"
"IsolateID  2.04.141",51,2.2798,0.4217,6.8,5.41,1.2762,3.2834,0.0011,"PI.413153"
"IsolateID  2.04.171",52,2.6495,0.4213,6.8,6.29,1.6461,3.6529,5e-04,"PI.413153"
"IsolateID  2.04.181",53,2.4497,0.4215,6.8,5.81,1.4462,3.4532,7e-04,"PI.413153"
"IsolateID  2.04.201",54,2.8051,0.4215,6.8,6.66,1.8016,3.8086,3e-04,"PI.413153"
"IsolateID  2.04.211",55,2.5539,0.4217,6.8,6.06,1.5503,3.5575,6e-04,"PI.413153"
"IsolateID  20041",56,1.2103,0.4217,6.8,2.87,0.2067,2.2138,0.0248,"PI.413153"
"IsolateID  94.11",57,1.9581,0.4214,6.8,4.65,0.9546,2.9616,0.0026,"PI.413153"
"IsolateID  94.41",58,0.798,0.4216,6.8,1.89,-0.2056,1.8015,0.1016,"PI.413153"
"IsolateID  Acacia1",59,1.9288,0.4216,6.8,4.57,0.9253,2.9324,0.0028,"PI.413153"
"IsolateID  Apple4041",60,2.7967,0.4214,6.8,6.64,1.7933,3.8002,3e-04,"PI.413153"
"IsolateID  Apple5171",61,2.6646,0.4215,6.8,6.32,1.6611,3.6681,5e-04,"PI.413153"
"IsolateID  Ausubel1",62,2.2736,0.4213,6.8,5.4,1.2702,3.2771,0.0011,"PI.413153"
"IsolateID  B05.101",63,1.0221,0.4215,6.8,2.43,0.0187,2.0256,0.0469,"PI.413153"
"IsolateID  BMM1",64,2.2018,0.4215,6.8,5.22,1.1983,3.2053,0.0014,"PI.413153"
"IsolateID  BPA11",65,2.3473,0.4216,6.8,5.57,1.3438,3.3508,9e-04,"PI.413153"
"IsolateID  DavisNavel1",66,0.2363,0.4216,6.8,0.56,-0.7673,1.2398,0.5932,"PI.413153"
"IsolateID  EsparatoFresa1",67,1.0731,0.4217,6.8,2.54,0.0696,2.0767,0.0394,"PI.413153"
"IsolateID  Fd11",68,2.6162,0.4421,8.2,5.92,1.6007,3.6317,3e-04,"PI.413153"
"IsolateID  Fd21",69,2.5895,0.4218,6.8,6.14,1.5859,3.5932,5e-04,"PI.413153"
"IsolateID  Fresa5251",70,2.3951,0.4423,8.2,5.42,1.3794,3.4107,6e-04,"PI.413153"
"IsolateID  FresaSD1",71,1.0838,0.4422,8.2,2.45,0.0682,2.0994,0.0392,"PI.413153"
"IsolateID  Gallo11",72,1.5573,0.4215,6.8,3.69,0.5538,2.5608,0.0082,"PI.413153"
"IsolateID  Gallo21",73,1.7343,0.4215,6.8,4.11,0.7308,2.7378,0.0048,"PI.413153"
"IsolateID  Geranium1",74,0.845,0.4421,8.2,1.91,-0.1705,1.8605,0.0915,"PI.413153"
"IsolateID  Grape1",75,2.4447,0.4218,6.8,5.8,1.4411,3.4483,7e-04,"PI.413153"
"IsolateID  KatieTomato1",76,3.069,0.4217,6.8,7.28,2.0655,4.0726,2e-04,"PI.413153"
"IsolateID  KernA21",77,2.4269,0.4424,8.2,5.49,1.4112,3.4426,5e-04,"PI.413153"
"IsolateID  KernB11",78,2.305,0.4214,6.8,5.47,1.3016,3.3085,0.001,"PI.413153"
"IsolateID  KernB21",79,3.3629,0.4214,6.8,7.98,2.3594,4.3664,1e-04,"PI.413153"
"IsolateID  KGB21",80,3.1425,0.4214,6.8,7.46,2.139,4.146,2e-04,"PI.413153"
"IsolateID  MEAP6G1",81,2.1456,0.4213,6.8,5.09,1.1422,3.1491,0.0016,"PI.413153"
"IsolateID  Mex031",82,1.7641,0.4216,6.8,4.18,0.7605,2.7677,0.0044,"PI.413153"
"IsolateID  Molly1",83,3.3302,0.4215,6.8,7.9,2.3267,4.3337,1e-04,"PI.413153"
"IsolateID  Navel1",84,2.3933,0.4423,8.2,5.41,1.3777,3.409,6e-04,"PI.413153"
"IsolateID  NobleRot1",85,1.0656,0.4214,6.8,2.53,0.0622,2.0691,0.0404,"PI.413153"
"IsolateID  Peachy1",86,2.2216,0.4214,6.8,5.27,1.2181,3.225,0.0013,"PI.413153"
"IsolateID  Pepper1",87,2.2005,0.4215,6.8,5.22,1.197,3.204,0.0014,"PI.413153"
"IsolateID  PepperSub1",88,2.2443,0.4214,6.8,5.33,1.2408,3.2478,0.0012,"PI.413153"
"IsolateID  PhiloMenlo1",89,1.073,0.4221,6.8,2.54,0.0692,2.0767,0.0394,"PI.413153"
"IsolateID  Rasp1",90,2.5697,0.4214,6.8,6.1,1.5662,3.5731,6e-04,"PI.413153"
"IsolateID  Rose1",91,0.8897,0.4216,6.8,2.11,-0.1139,1.8932,0.074,"PI.413153"
"IsolateID  Supersteak1",92,2.5721,0.4217,6.8,6.1,1.5685,3.5756,6e-04,"PI.413153"
"IsolateID  Triple31",93,2.2882,0.4218,6.8,5.43,1.2846,3.2918,0.0011,"PI.413153"
"IsolateID  Triple71",94,0.39,0.4215,6.8,0.93,-0.6135,1.3935,0.3866,"PI.413153"
"IsolateID  UKRazz1",95,3.2213,0.4217,6.8,7.64,2.2178,4.2249,1e-04,"PI.413153"
"IsolateID  1.01.012",1,1.9599,0.3523,9.5,5.56,1.1698,2.75,3e-04,"PI.413153"
"IsolateID  1.01.022",2,1.9799,0.3524,9.5,5.62,1.1897,2.7701,3e-04,"PI.413153"
"IsolateID  1.01.032",3,1.8985,0.3526,9.6,5.38,1.1081,2.689,4e-04,"PI.413153"
"IsolateID  1.01.042",4,2.2431,0.3526,9.6,6.36,1.4526,3.0335,1e-04,"PI.413153"
"IsolateID  1.01.062",5,2.1668,0.376,12.3,5.76,1.35,2.9837,1e-04,"PI.413153"
"IsolateID  1.01.152",6,2.0428,0.3762,12.3,5.43,1.2257,2.8599,1e-04,"PI.413153"
"IsolateID  1.02.012",7,2.1229,0.3523,9.5,6.03,1.3328,2.9131,2e-04,"PI.413153"
"IsolateID  1.02.022",8,2.5907,0.3524,9.5,7.35,1.8005,3.381,0,"PI.413153"
"IsolateID  1.02.032",9,2.1567,0.3524,9.5,6.12,1.3665,2.9469,1e-04,"PI.413153"
"IsolateID  1.02.042",10,2.3579,0.3525,9.6,6.69,1.5675,3.1483,1e-04,"PI.413153"
"IsolateID  1.02.052",11,2.4818,0.3523,9.5,7.04,1.6916,3.272,0,"PI.413153"
"IsolateID  1.02.062",12,2.0891,0.3526,9.6,5.92,1.2986,2.8795,2e-04,"PI.413153"
"IsolateID  1.02.132",13,0.73,0.376,12.3,1.94,-0.0869,1.5469,0.0754,"PI.413153"
"IsolateID  1.02.152",14,2.3339,0.3525,9.6,6.62,1.5436,3.1242,1e-04,"PI.413153"
"IsolateID  1.02.162",15,1.4536,0.3524,9.5,4.12,0.6634,2.2439,0.0023,"PI.413153"
"IsolateID  1.02.172",16,2.4857,0.3525,9.6,7.05,1.6953,3.276,0,"PI.413153"
"IsolateID  1.02.182",17,0.035,0.3526,9.6,0.1,-0.7554,0.8254,0.923,"PI.413153"
"IsolateID  1.02.202",18,1.8606,0.376,12.3,4.95,1.0438,2.6774,3e-04,"PI.413153"
"IsolateID  1.03.022",19,1.9711,0.3524,9.6,5.59,1.1808,2.7614,3e-04,"PI.413153"
"IsolateID  1.03.042",20,2.2938,0.3523,9.5,6.51,1.5036,3.084,1e-04,"PI.413153"
"IsolateID  1.03.122",21,2.1902,0.3524,9.6,6.21,1.3999,2.9805,1e-04,"PI.413153"
"IsolateID  1.03.162",22,2.2284,0.3526,9.6,6.32,1.438,3.0188,1e-04,"PI.413153"
"IsolateID  1.03.182",23,3.0096,0.3523,9.5,8.54,2.2194,3.7997,0,"PI.413153"
"IsolateID  1.03.192",24,2.0567,0.3523,9.5,5.84,1.2665,2.8469,2e-04,"PI.413153"
"IsolateID  1.03.202",25,0.1478,0.3526,9.6,0.42,-0.6426,0.9383,0.6843,"PI.413153"
"IsolateID  1.03.222",26,1.7901,0.3524,9.5,5.08,0.9998,2.5803,6e-04,"PI.413153"
"IsolateID  1.03.232",27,1.354,0.3523,9.5,3.84,0.5639,2.1442,0.0035,"PI.413153"
"IsolateID  1.04.012",28,2.4944,0.3526,9.6,7.08,1.704,3.2848,0,"PI.413153"
"IsolateID  1.04.022",29,1.1978,0.3523,9.5,3.4,0.4076,1.9879,0.0072,"PI.413153"
"IsolateID  1.04.032",30,2.8041,0.3524,9.5,7.96,2.0138,3.5943,0,"PI.413153"
"IsolateID  1.04.042",31,2.1361,0.3522,9.5,6.06,1.3461,2.9262,1e-04,"PI.413153"
"IsolateID  1.04.052",32,2.6337,0.3524,9.6,7.47,1.8434,3.424,0,"PI.413153"
"IsolateID  1.04.122",33,2.06,0.3759,12.3,5.48,1.2433,2.8767,1e-04,"PI.413153"
"IsolateID  1.04.152",34,1.4934,0.3525,9.6,4.24,0.703,2.2837,0.0019,"PI.413153"
"IsolateID  1.04.172",35,2.4183,0.3761,12.3,6.43,1.6013,3.2353,0,"PI.413153"
"IsolateID  1.04.192",36,2.131,0.3526,9.6,6.04,1.3406,2.9215,1e-04,"PI.413153"
"IsolateID  1.04.202",37,1.6448,0.3526,9.6,4.66,0.8543,2.4353,0.001,"PI.413153"
"IsolateID  1.04.212",38,1.4188,0.3527,9.6,4.02,0.6283,2.2094,0.0026,"PI.413153"
"IsolateID  1.04.252",39,2.4298,0.3524,9.5,6.9,1.6396,3.2201,1e-04,"PI.413153"
"IsolateID  1.05.112",40,2.5452,0.3523,9.5,7.22,1.7551,3.3354,0,"PI.413153"
"IsolateID  1.05.142",41,2.5554,0.3525,9.6,7.25,1.765,3.3458,0,"PI.413153"
"IsolateID  1.05.172",42,1.7496,0.3525,9.6,4.96,0.9592,2.54,6e-04,"PI.413153"
"IsolateID  1.05.222",43,2.0947,0.3523,9.5,5.95,1.3046,2.8849,2e-04,"PI.413153"
"IsolateID  1.05.242",44,2.0233,0.3526,9.6,5.74,1.2328,2.8137,2e-04,"PI.413153"
"IsolateID  2.04.032",45,2.9117,0.3526,9.6,8.26,2.1212,3.7022,0,"PI.413153"
"IsolateID  2.04.042",46,2.9475,0.3758,12.3,7.84,2.1309,3.764,0,"PI.413153"
"IsolateID  2.04.082",47,2.959,0.3523,9.5,8.4,2.1688,3.7491,0,"PI.413153"
"IsolateID  2.04.092",48,3.209,0.3523,9.5,9.11,2.4188,3.9992,0,"PI.413153"
"IsolateID  2.04.112",49,3.0754,0.3524,9.5,8.73,2.2851,3.8656,0,"PI.413153"
"IsolateID  2.04.122",50,2.3146,0.3524,9.6,6.57,1.5243,3.1049,1e-04,"PI.413153"
"IsolateID  2.04.142",51,2.8467,0.3526,9.6,8.07,2.0563,3.6372,0,"PI.413153"
"IsolateID  2.04.172",52,2.9106,0.3522,9.5,8.26,2.1205,3.7007,0,"PI.413153"
"IsolateID  2.04.182",53,3.2286,0.3524,9.5,9.16,2.4383,4.0188,0,"PI.413153"
"IsolateID  2.04.202",54,3.065,0.376,12.3,8.15,2.2481,3.8818,0,"PI.413153"
"IsolateID  2.04.212",55,2.8128,0.3527,9.6,7.98,2.0223,3.6033,0,"PI.413153"
"IsolateID  20042",56,2.1726,0.3525,9.6,6.16,1.3822,2.9629,1e-04,"PI.413153"
"IsolateID  94.12",57,3.3587,0.3523,9.5,9.53,2.5685,4.1488,0,"PI.413153"
"IsolateID  94.42",58,1.6847,0.3524,9.6,4.78,0.8945,2.475,8e-04,"PI.413153"
"IsolateID  Acacia2",59,1.8744,0.3525,9.6,5.32,1.0841,2.6647,4e-04,"PI.413153"
"IsolateID  Apple4042",60,1.6324,0.3523,9.5,4.63,0.8423,2.4226,0.0011,"PI.413153"
"IsolateID  Apple5172",61,2.6191,0.3524,9.5,7.43,1.8288,3.4093,0,"PI.413153"
"IsolateID  Ausubel2",62,1.9385,0.3522,9.5,5.5,1.1485,2.7286,3e-04,"PI.413153"
"IsolateID  B05.102",63,0.5751,0.3524,9.6,1.63,-0.2152,1.3654,0.1352,"PI.413153"
"IsolateID  BMM2",64,2.4857,0.3524,9.5,7.05,1.6954,3.2759,0,"PI.413153"
"IsolateID  BPA12",65,3.3931,0.3524,9.5,9.63,2.6028,4.1833,0,"PI.413153"
"IsolateID  DavisNavel2",66,0.4587,0.3525,9.6,1.3,-0.3316,1.249,0.2236,"PI.413153"
"IsolateID  EsparatoFresa2",67,1.009,0.3527,9.6,2.86,0.2184,1.7995,0.0176,"PI.413153"
"IsolateID  Fd12",68,2.8033,0.376,12.3,7.46,1.9864,3.6202,0,"PI.413153"
"IsolateID  Fd22",69,2.4001,0.3526,9.6,6.81,1.6097,3.1906,1e-04,"PI.413153"
"IsolateID  Fresa5252",70,3.1245,0.3762,12.3,8.31,2.3074,3.9417,0,"PI.413153"
"IsolateID  FresaSD2",71,1.8012,0.376,12.3,4.79,0.9843,2.6181,4e-04,"PI.413153"
"IsolateID  Gallo12",72,0.7443,0.3524,9.5,2.11,-0.0459,1.5346,0.0621,"PI.413153"
"IsolateID  Gallo22",73,2.7686,0.3524,9.5,7.86,1.9784,3.5589,0,"PI.413153"
"IsolateID  Geranium2",74,0.7043,0.376,12.3,1.87,-0.1126,1.5213,0.085,"PI.413153"
"IsolateID  Grape2",75,1.4348,0.3526,9.6,4.07,0.6444,2.2253,0.0025,"PI.413153"
"IsolateID  KatieTomato2",76,2.7793,0.3526,9.6,7.88,1.9889,3.5698,0,"PI.413153"
"IsolateID  KernA22",77,2.3108,0.3763,12.4,6.14,1.4936,3.128,0,"PI.413153"
"IsolateID  KernB12",78,2.969,0.3523,9.5,8.43,2.1788,3.7591,0,"PI.413153"
"IsolateID  KernB22",79,2.1199,0.3523,9.5,6.02,1.3297,2.9101,2e-04,"PI.413153"
"IsolateID  KGB22",80,2.3873,0.3523,9.5,6.78,1.5972,3.1774,1e-04,"PI.413153"
"IsolateID  MEAP6G2",81,2.3984,0.3522,9.5,6.81,1.6083,3.1884,1e-04,"PI.413153"
"IsolateID  Mex032",82,1.721,0.3525,9.6,4.88,0.9306,2.5113,7e-04,"PI.413153"
"IsolateID  Molly2",83,2.904,0.3523,9.5,8.24,2.1138,3.6941,0,"PI.413153"
"IsolateID  Navel2",84,2.1674,0.3763,12.4,5.76,1.3501,2.9847,1e-04,"PI.413153"
"IsolateID  NobleRot2",85,0.5952,0.3523,9.5,1.69,-0.1949,1.3854,0.1234,"PI.413153"
"IsolateID  Peachy2",86,2.985,0.3523,9.5,8.47,2.1949,3.7752,0,"PI.413153"
"IsolateID  Pepper2",87,2.4351,0.3524,9.6,6.91,1.6448,3.2254,1e-04,"PI.413153"
"IsolateID  PepperSub2",88,1.5859,0.3523,9.5,4.5,0.7957,2.3761,0.0013,"PI.413153"
"IsolateID  PhiloMenlo2",89,2.4466,0.353,9.6,6.93,1.6558,3.2375,0,"PI.413153"
"IsolateID  Rasp2",90,2.7978,0.3524,9.5,7.94,2.0076,3.588,0,"PI.413153"
"IsolateID  Rose2",91,1.3379,0.3524,9.6,3.8,0.5476,2.1282,0.0038,"PI.413153"
"IsolateID  Supersteak2",92,2.2172,0.3525,9.6,6.29,1.4268,3.0076,1e-04,"PI.413153"
"IsolateID  Triple32",93,2.7343,0.3526,9.6,7.75,1.9438,3.5248,0,"PI.413153"
"IsolateID  Triple72",94,0.6422,0.3525,9.6,1.82,-0.1481,1.4325,0.0998,"PI.413153"
"IsolateID  UKRazz2",95,3.2377,0.3525,9.6,9.18,2.4474,4.0281,0,"PI.413153"
"IsolateID  1.01.013",1,1.7917,0.4131,9.4,4.34,0.8638,2.7197,0.0017,"PI.413153"
"IsolateID  1.01.023",2,1.9264,0.4132,9.4,4.66,0.9984,2.8545,0.001,"PI.413153"
"IsolateID  1.01.033",3,2.1152,0.4136,9.5,5.11,1.1869,3.0436,5e-04,"PI.413153"
"IsolateID  1.01.043",4,1.257,0.4135,9.5,3.04,0.3287,2.1853,0.0132,"PI.413153"
"IsolateID  1.01.063",5,2.0043,0.4133,9.5,4.85,1.0762,2.9324,8e-04,"PI.413153"
"IsolateID  1.01.153",6,1.7774,0.4135,9.5,4.3,0.8491,2.7057,0.0018,"PI.413153"
"IsolateID  1.02.013",7,1.6976,0.4132,9.4,4.11,0.7696,2.6256,0.0024,"PI.413153"
"IsolateID  1.02.023",8,1.6472,0.4132,9.5,3.99,0.7191,2.5752,0.0029,"PI.413153"
"IsolateID  1.02.033",9,1.6064,0.4133,9.5,3.89,0.6783,2.5345,0.0034,"PI.413153"
"IsolateID  1.02.043",10,2.2531,0.4134,9.5,5.45,1.3249,3.1813,3e-04,"PI.413153"
"IsolateID  1.02.053",11,1.9939,0.4132,9.5,4.82,1.0658,2.9219,8e-04,"PI.413153"
"IsolateID  1.02.063",12,2.1219,0.4134,9.5,5.13,1.1937,3.0502,5e-04,"PI.413153"
"IsolateID  1.02.133",13,0.517,0.4134,9.5,1.25,-0.4113,1.4452,0.2411,"PI.413153"
"IsolateID  1.02.153",14,2.04,0.4134,9.5,4.94,1.1118,2.9682,7e-04,"PI.413153"
"IsolateID  1.02.163",15,1.3035,0.4133,9.5,3.15,0.3753,2.2316,0.011,"PI.413153"
"IsolateID  1.02.173",16,1.998,0.4135,9.5,4.83,1.0697,2.9263,8e-04,"PI.413153"
"IsolateID  1.02.183",17,0.0391,0.4134,9.5,0.09,-0.8891,0.9673,0.9266,"PI.413153"
"IsolateID  1.02.203",18,1.6852,0.4133,9.5,4.08,0.7572,2.6133,0.0025,"PI.413153"
"IsolateID  1.03.023",19,1.9157,0.4134,9.5,4.63,0.9875,2.8439,0.0011,"PI.413153"
"IsolateID  1.03.043",20,1.9051,0.4132,9.5,4.61,0.977,2.8331,0.0011,"PI.413153"
"IsolateID  1.03.123",21,1.234,0.4133,9.5,2.99,0.3059,2.1622,0.0145,"PI.413153"
"IsolateID  1.03.163",22,1.3839,0.4134,9.5,3.35,0.4557,2.3122,0.008,"PI.413153"
"IsolateID  1.03.183",23,1.8101,0.4132,9.4,4.38,0.8821,2.7381,0.0016,"PI.413153"
"IsolateID  1.03.193",24,1.4697,0.4133,9.5,3.56,0.5415,2.3978,0.0057,"PI.413153"
"IsolateID  1.03.203",25,0.2217,0.4134,9.5,0.54,-0.7065,1.15,0.6041,"PI.413153"
"IsolateID  1.03.223",26,1.4774,0.4132,9.4,3.58,0.5493,2.4054,0.0055,"PI.413153"
"IsolateID  1.03.233",27,2.2465,0.4132,9.4,5.44,1.3184,3.1745,3e-04,"PI.413153"
"IsolateID  1.04.013",28,1.3485,0.4135,9.5,3.26,0.4202,2.2768,0.0092,"PI.413153"
"IsolateID  1.04.023",29,0.8783,0.4132,9.4,2.13,-0.0497,1.8063,0.061,"PI.413153"
"IsolateID  1.04.033",30,2.2198,0.4133,9.5,5.37,1.2917,3.1478,4e-04,"PI.413153"
"IsolateID  1.04.043",31,2.304,0.4132,9.4,5.58,1.376,3.2321,3e-04,"PI.413153"
"IsolateID  1.04.053",32,1.7,0.4133,9.5,4.11,0.7718,2.6281,0.0024,"PI.413153"
"IsolateID  1.04.123",33,1.9427,0.4132,9.4,4.7,1.0147,2.8707,0.001,"PI.413153"
"IsolateID  1.04.153",34,1.3818,0.4133,9.5,3.34,0.4536,2.3099,0.008,"PI.413153"
"IsolateID  1.04.173",35,2.1797,0.4133,9.5,5.27,1.2516,3.1079,4e-04,"PI.413153"
"IsolateID  1.04.193",36,1.7777,0.4135,9.5,4.3,0.8494,2.7061,0.0018,"PI.413153"
"IsolateID  1.04.203",37,1.486,0.4135,9.5,3.59,0.5577,2.4144,0.0053,"PI.413153"
"IsolateID  1.04.213",38,1.2966,0.4135,9.5,3.14,0.3683,2.2249,0.0113,"PI.413153"
"IsolateID  1.04.253",39,2.0362,0.4133,9.5,4.93,1.1081,2.9644,7e-04,"PI.413153"
"IsolateID  1.05.113",40,1.467,0.4132,9.4,3.55,0.5389,2.3951,0.0058,"PI.413153"
"IsolateID  1.05.143",41,1.8234,0.4134,9.5,4.41,0.8952,2.7517,0.0015,"PI.413153"
"IsolateID  1.05.173",42,1.1235,0.4134,9.5,2.72,0.1952,2.0517,0.0227,"PI.413153"
"IsolateID  1.05.223",43,1.4645,0.4132,9.4,3.54,0.5364,2.3925,0.0058,"PI.413153"
"IsolateID  1.05.243",44,1.6767,0.4134,9.5,4.06,0.7485,2.6049,0.0026,"PI.413153"
"IsolateID  2.04.033",45,3.3476,0.4134,9.5,8.1,2.4193,4.2758,0,"PI.413153"
"IsolateID  2.04.043",46,2.4571,0.4131,9.4,5.95,1.5291,3.3851,2e-04,"PI.413153"
"IsolateID  2.04.083",47,2.2366,0.4132,9.4,5.41,1.3086,3.1647,4e-04,"PI.413153"
"IsolateID  2.04.093",48,2.2352,0.4132,9.4,5.41,1.3072,3.1633,4e-04,"PI.413153"
"IsolateID  2.04.113",49,1.9774,0.4132,9.4,4.79,1.0494,2.9054,9e-04,"PI.413153"
"IsolateID  2.04.123",50,2.0122,0.4133,9.5,4.87,1.0841,2.9404,8e-04,"PI.413153"
"IsolateID  2.04.143",51,2.6173,0.4135,9.5,6.33,1.689,3.5455,1e-04,"PI.413153"
"IsolateID  2.04.173",52,2.4324,0.413,9.4,5.89,1.5045,3.3602,2e-04,"PI.413153"
"IsolateID  2.04.183",53,2.3957,0.4133,9.5,5.8,1.4676,3.3237,2e-04,"PI.413153"
"IsolateID  2.04.203",54,2.0401,0.4133,9.5,4.94,1.112,2.9682,7e-04,"PI.413153"
"IsolateID  2.04.213",55,1.6161,0.4135,9.5,3.91,0.6878,2.5443,0.0032,"PI.413153"
"IsolateID  20043",56,1.5736,0.4134,9.5,3.81,0.6454,2.5018,0.0038,"PI.413153"
"IsolateID  94.13",57,1.9885,0.4132,9.4,4.81,1.0604,2.9165,8e-04,"PI.413153"
"IsolateID  94.43",58,0.7358,0.4133,9.5,1.78,-0.1923,1.664,0.1071,"PI.413153"
"IsolateID  Acacia3",59,1.6451,0.4134,9.5,3.98,0.7169,2.5734,0.0029,"PI.413153"
"IsolateID  Apple4043",60,2.3346,0.4131,9.4,5.65,1.4066,3.2625,3e-04,"PI.413153"
"IsolateID  Apple5173",61,1.7209,0.4133,9.5,4.16,0.7928,2.649,0.0022,"PI.413153"
"IsolateID  Ausubel3",62,1.7671,0.4131,9.4,4.28,0.8391,2.695,0.0018,"PI.413153"
"IsolateID  B05.103",63,0.588,0.4132,9.5,1.42,-0.34,1.5161,0.1869,"PI.413153"
"IsolateID  BMM3",64,2.0628,0.4132,9.5,4.99,1.1347,2.9909,6e-04,"PI.413153"
"IsolateID  BPA13",65,2.3677,0.4133,9.5,5.73,1.4395,3.2958,2e-04,"PI.413153"
"IsolateID  DavisNavel3",66,0.1605,0.4134,9.5,0.39,-0.7677,1.0887,0.7065,"PI.413153"
"IsolateID  EsparatoFresa3",67,1.1172,0.4135,9.5,2.7,0.1889,2.0455,0.0233,"PI.413153"
"IsolateID  Fd13",68,1.947,0.4132,9.5,4.71,1.0189,2.875,0.001,"PI.413153"
"IsolateID  Fd23",69,1.8221,0.4136,9.5,4.41,0.8937,2.7505,0.0015,"PI.413153"
"IsolateID  Fresa5253",70,2.1601,0.4135,9.5,5.22,1.2319,3.0884,5e-04,"PI.413153"
"IsolateID  FresaSD3",71,1.3605,0.4133,9.5,3.29,0.4323,2.2886,0.0088,"PI.413153"
"IsolateID  Gallo13",72,1.1365,0.4133,9.5,2.75,0.2085,2.0646,0.0215,"PI.413153"
"IsolateID  Gallo23",73,2.2276,0.4133,9.5,5.39,1.2995,3.1557,4e-04,"PI.413153"
"IsolateID  Geranium3",74,0.6391,0.4132,9.5,1.55,-0.289,1.5672,0.1548,"PI.413153"
"IsolateID  Grape3",75,1.3787,0.4136,9.5,3.33,0.4503,2.307,0.0081,"PI.413153"
"IsolateID  KatieTomato3",76,2.0988,0.4135,9.5,5.08,1.1706,3.0271,6e-04,"PI.413153"
"IsolateID  KernA23",77,1.5737,0.4136,9.5,3.8,0.6452,2.5021,0.0038,"PI.413153"
"IsolateID  KernB13",78,1.9259,0.4132,9.4,4.66,0.9978,2.8539,0.001,"PI.413153"
"IsolateID  KernB23",79,1.7956,0.4132,9.5,4.35,0.8676,2.7236,0.0017,"PI.413153"
"IsolateID  KGB23",80,2.2586,0.4132,9.4,5.47,1.3306,3.1867,3e-04,"PI.413153"
"IsolateID  MEAP6G3",81,1.6949,0.4131,9.4,4.1,0.767,2.6229,0.0024,"PI.413153"
"IsolateID  Mex033",82,1.5659,0.4134,9.5,3.79,0.6377,2.4942,0.0039,"PI.413153"
"IsolateID  Molly3",83,2.7193,0.4132,9.5,6.58,1.7912,3.6473,1e-04,"PI.413153"
"IsolateID  Navel3",84,2.1019,0.4135,9.5,5.08,1.1736,3.0301,6e-04,"PI.413153"
"IsolateID  NobleRot3",85,0.7272,0.4131,9.4,1.76,-0.2007,1.6552,0.1106,"PI.413153"
"IsolateID  Peachy3",86,2.2739,0.4132,9.4,5.5,1.3459,3.2019,3e-04,"PI.413153"
"IsolateID  Pepper3",87,1.8576,0.4133,9.5,4.49,0.9295,2.7857,0.0013,"PI.413153"
"IsolateID  PepperSub3",88,1.7608,0.4132,9.4,4.26,0.8328,2.6888,0.0019,"PI.413153"
"IsolateID  PhiloMenlo3",89,1.4872,0.4138,9.5,3.59,0.5586,2.4158,0.0053,"PI.413153"
"IsolateID  Rasp3",90,2.4718,0.4132,9.4,5.98,1.5438,3.3998,2e-04,"PI.413153"
"IsolateID  Rose3",91,0.9701,0.4133,9.5,2.35,0.042,1.8982,0.0422,"PI.413153"
"IsolateID  Supersteak3",92,2.3705,0.4134,9.5,5.73,1.4423,3.2987,2e-04,"PI.413153"
"IsolateID  Triple33",93,2.319,0.4135,9.5,5.61,1.3907,3.2474,3e-04,"PI.413153"
"IsolateID  Triple73",94,0.1982,0.4133,9.5,0.48,-0.7299,1.1264,0.6424,"PI.413153"
"IsolateID  UKRazz3",95,2.6892,0.4134,9.5,6.51,1.761,3.6174,1e-04,"PI.413153"
"IsolateID  1.01.014",1,3.107,0.4986,6.6,6.23,1.9133,4.3007,5e-04,"PI.413153"
"IsolateID  1.01.024",2,2.5388,0.4988,6.6,5.09,1.3451,3.7326,0.0017,"PI.413153"
"IsolateID  1.01.034",3,2.772,0.4992,6.6,5.55,1.5781,3.9659,0.001,"PI.413153"
"IsolateID  1.01.044",4,2.6506,0.4992,6.6,5.31,1.4567,3.8444,0.0013,"PI.413153"
"IsolateID  1.01.064",5,2.4112,0.5252,8.1,4.59,1.203,3.6195,0.0017,"PI.413153"
"IsolateID  1.01.154",6,1.986,0.5255,8.1,3.78,0.7775,3.1945,0.0052,"PI.413153"
"IsolateID  1.02.014",7,2.1153,0.4987,6.6,4.24,0.9216,3.309,0.0044,"PI.413153"
"IsolateID  1.02.024",8,2.1526,0.4988,6.6,4.32,0.9588,3.3463,0.004,"PI.413153"
"IsolateID  1.02.034",9,1.7514,0.4988,6.6,3.51,0.5577,2.9452,0.0108,"PI.413153"
"IsolateID  1.02.044",10,2.2321,0.4991,6.6,4.47,1.0382,3.4259,0.0033,"PI.413153"
"IsolateID  1.02.054",11,2.2304,0.4988,6.6,4.47,1.0366,3.4241,0.0033,"PI.413153"
"IsolateID  1.02.064",12,2.9915,0.4992,6.6,5.99,1.7976,4.1854,7e-04,"PI.413153"
"IsolateID  1.02.134",13,1.5526,0.5253,8.1,2.96,0.3442,2.761,0.018,"PI.413153"
"IsolateID  1.02.154",14,2.5329,0.499,6.6,5.08,1.3391,3.7267,0.0017,"PI.413153"
"IsolateID  1.02.164",15,1.2154,0.4989,6.6,2.44,0.0216,2.4092,0.047,"PI.413153"
"IsolateID  1.02.174",16,2.0876,0.4991,6.6,4.18,0.8937,3.2815,0.0047,"PI.413153"
"IsolateID  1.02.184",17,-0.0961,0.4991,6.6,-0.19,-1.29,1.0978,0.8531,"PI.413153"
"IsolateID  1.02.204",18,1.9074,0.5251,8.1,3.63,0.6991,3.1156,0.0065,"PI.413153"
"IsolateID  1.03.024",19,2.1055,0.4989,6.6,4.22,0.9117,3.2993,0.0045,"PI.413153"
"IsolateID  1.03.044",20,2.4509,0.4988,6.6,4.91,1.2571,3.6446,0.002,"PI.413153"
"IsolateID  1.03.124",21,1.5945,0.4989,6.6,3.2,0.4007,2.7883,0.0164,"PI.413153"
"IsolateID  1.03.164",22,3.0661,0.4991,6.6,6.14,1.8723,4.26,6e-04,"PI.413153"
"IsolateID  1.03.184",23,2.3704,0.4987,6.6,4.75,1.1767,3.5641,0.0024,"PI.413153"
"IsolateID  1.03.194",24,2.1782,0.4988,6.6,4.37,0.9844,3.372,0.0038,"PI.413153"
"IsolateID  1.03.204",25,0.1904,0.4992,6.6,0.38,-1.0035,1.3843,0.7148,"PI.413153"
"IsolateID  1.03.224",26,2.0761,0.4989,6.6,4.16,0.8823,3.2698,0.0048,"PI.413153"
"IsolateID  1.03.234",27,2.5374,0.4988,6.6,5.09,1.3436,3.7311,0.0017,"PI.413153"
"IsolateID  1.04.014",28,2.9216,0.4991,6.6,5.85,1.7277,4.1155,8e-04,"PI.413153"
"IsolateID  1.04.024",29,1.1108,0.4988,6.6,2.23,-0.083,2.3045,0.0635,"PI.413153"
"IsolateID  1.04.034",30,2.4263,0.4988,6.6,4.86,1.2326,3.62,0.0021,"PI.413153"
"IsolateID  1.04.044",31,2.3305,0.4986,6.6,4.67,1.1368,3.5242,0.0027,"PI.413153"
"IsolateID  1.04.054",32,2.4122,0.4989,6.6,4.83,1.2184,3.606,0.0022,"PI.413153"
"IsolateID  1.04.124",33,1.7195,0.5251,8.1,3.27,0.5113,2.9278,0.0111,"PI.413153"
"IsolateID  1.04.154",34,1.2791,0.4989,6.6,2.56,0.0853,2.4729,0.0392,"PI.413153"
"IsolateID  1.04.174",35,1.7945,0.5253,8.1,3.42,0.5861,3.0029,0.0089,"PI.413153"
"IsolateID  1.04.194",36,2.3834,0.4991,6.6,4.77,1.1895,3.5772,0.0024,"PI.413153"
"IsolateID  1.04.204",37,1.8914,0.4994,6.6,3.79,0.6975,3.0854,0.0075,"PI.413153"
"IsolateID  1.04.214",38,1.6118,0.4994,6.6,3.23,0.4178,2.8057,0.0156,"PI.413153"
"IsolateID  1.04.254",39,2.0886,0.4989,6.6,4.19,0.8948,3.2825,0.0047,"PI.413153"
"IsolateID  1.05.114",40,1.949,0.4988,6.6,3.91,0.7553,3.1428,0.0065,"PI.413153"
"IsolateID  1.05.144",41,3.171,0.4992,6.6,6.35,1.9771,4.3649,5e-04,"PI.413153"
"IsolateID  1.05.174",42,1.6384,0.4991,6.6,3.28,0.4446,2.8323,0.0145,"PI.413153"
"IsolateID  1.05.224",43,2.3655,0.4988,6.6,4.74,1.1717,3.5592,0.0025,"PI.413153"
"IsolateID  1.05.244",44,2.5904,0.4991,6.6,5.19,1.3966,3.7842,0.0015,"PI.413153"
"IsolateID  2.04.034",45,2.249,0.4992,6.6,4.5,1.0551,3.4429,0.0032,"PI.413153"
"IsolateID  2.04.044",46,2.5149,0.5249,8.1,4.79,1.3068,3.723,0.0013,"PI.413153"
"IsolateID  2.04.084",47,2.7206,0.4987,6.6,5.46,1.5269,3.9143,0.0012,"PI.413153"
"IsolateID  2.04.094",48,2.696,0.4988,6.6,5.4,1.5022,3.8897,0.0012,"PI.413153"
"IsolateID  2.04.114",49,2.26,0.4988,6.6,4.53,1.0663,3.4538,0.0031,"PI.413153"
"IsolateID  2.04.124",50,2.7832,0.499,6.6,5.58,1.5894,3.977,0.001,"PI.413153"
"IsolateID  2.04.144",51,2.4159,0.4992,6.6,4.84,1.222,3.6098,0.0022,"PI.413153"
"IsolateID  2.04.174",52,2.2857,0.4986,6.6,4.58,1.092,3.4793,0.0029,"PI.413153"
"IsolateID  2.04.184",53,2.1465,0.4988,6.6,4.3,0.9527,3.3402,0.0041,"PI.413153"
"IsolateID  2.04.204",54,2.0944,0.5252,8.1,3.99,0.886,3.3027,0.0039,"PI.413153"
"IsolateID  2.04.214",55,2.056,0.4993,6.6,4.12,0.8621,3.2499,0.005,"PI.413153"
"IsolateID  20044",56,2.2432,0.4991,6.6,4.49,1.0494,3.437,0.0032,"PI.413153"
"IsolateID  94.14",57,2.6088,0.4988,6.6,5.23,1.415,3.8026,0.0015,"PI.413153"
"IsolateID  94.44",58,1.3713,0.4989,6.6,2.75,0.1775,2.5651,0.0302,"PI.413153"
"IsolateID  Acacia4",59,1.9689,0.499,6.6,3.95,0.7751,3.1628,0.0062,"PI.413153"
"IsolateID  Apple4044",60,2.9831,0.4988,6.6,5.98,1.7894,4.1769,7e-04,"PI.413153"
"IsolateID  Apple5174",61,2.417,0.4988,6.6,4.85,1.2232,3.6107,0.0022,"PI.413153"
"IsolateID  Ausubel4",62,2.502,0.4986,6.6,5.02,1.3083,3.6957,0.0018,"PI.413153"
"IsolateID  B05.104",63,0.7815,0.4989,6.6,1.57,-0.4123,1.9752,0.1637,"PI.413153"
"IsolateID  BMM4",64,1.9329,0.4989,6.6,3.87,0.7391,3.1266,0.0068,"PI.413153"
"IsolateID  BPA14",65,3.0684,0.499,6.6,6.15,1.8745,4.2622,6e-04,"PI.413153"
"IsolateID  DavisNavel4",66,0.3594,0.499,6.6,0.72,-0.8344,1.5533,0.496,"PI.413153"
"IsolateID  EsparatoFresa4",67,0.7052,0.4992,6.6,1.41,-0.4886,1.8991,0.2029,"PI.413153"
"IsolateID  Fd14",68,3.5965,0.5252,8.1,6.85,2.3882,4.8048,1e-04,"PI.413153"
"IsolateID  Fd24",69,2.9432,0.4994,6.6,5.89,1.7492,4.1372,7e-04,"PI.413153"
"IsolateID  Fresa5254",70,2.8267,0.5255,8.1,5.38,1.6182,4.0353,6e-04,"PI.413153"
"IsolateID  FresaSD4",71,1.9646,0.5252,8.1,3.74,0.7562,3.1729,0.0056,"PI.413153"
"IsolateID  Gallo14",72,0.9806,0.4988,6.6,1.97,-0.2131,2.1744,0.0925,"PI.413153"
"IsolateID  Gallo24",73,2.3366,0.4989,6.6,4.68,1.1428,3.5304,0.0026,"PI.413153"
"IsolateID  Geranium4",74,1.0157,0.5253,8.1,1.93,-0.1927,2.2241,0.0887,"PI.413153"
"IsolateID  Grape4",75,1.3897,0.4993,6.6,2.78,0.1958,2.5837,0.0287,"PI.413153"
"IsolateID  KatieTomato4",76,2.128,0.4992,6.6,4.26,0.9341,3.3219,0.0042,"PI.413153"
"IsolateID  KernA24",77,2.736,0.5256,8.1,5.21,1.5274,3.9446,8e-04,"PI.413153"
"IsolateID  KernB14",78,2.4232,0.4987,6.6,4.86,1.2295,3.617,0.0022,"PI.413153"
"IsolateID  KernB24",79,2.8873,0.4987,6.6,5.79,1.6936,4.081,8e-04,"PI.413153"
"IsolateID  KGB24",80,2.4526,0.4988,6.6,4.92,1.2589,3.6464,0.002,"PI.413153"
"IsolateID  MEAP6G4",81,2.3388,0.4986,6.6,4.69,1.1452,3.5325,0.0026,"PI.413153"
"IsolateID  Mex034",82,2.3442,0.4991,6.6,4.7,1.1504,3.5381,0.0026,"PI.413153"
"IsolateID  Molly4",83,2.5692,0.4988,6.6,5.15,1.3755,3.763,0.0016,"PI.413153"
"IsolateID  Navel4",84,2.117,0.5257,8.1,4.03,0.9083,3.3256,0.0037,"PI.413153"
"IsolateID  NobleRot4",85,1.1625,0.5249,8.1,2.21,-0.0456,2.3706,0.0573,"PI.413153"
"IsolateID  Peachy4",86,2.2304,0.4987,6.6,4.47,1.0367,3.4241,0.0033,"PI.413153"
"IsolateID  Pepper4",87,2.0379,0.4989,6.6,4.08,0.8441,3.2316,0.0053,"PI.413153"
"IsolateID  PepperSub4",88,2.6357,0.4988,6.6,5.28,1.442,3.8294,0.0014,"PI.413153"
"IsolateID  PhiloMenlo4",89,2.0571,0.4998,6.7,4.12,0.863,3.2512,0.005,"PI.413153"
"IsolateID  Rasp4",90,2.3856,0.4987,6.6,4.78,1.1919,3.5793,0.0023,"PI.413153"
"IsolateID  Rose4",91,0.7832,0.4989,6.6,1.57,-0.4105,1.977,0.1629,"PI.413153"
"IsolateID  Supersteak4",92,2.1885,0.4991,6.6,4.38,0.9946,3.3823,0.0037,"PI.413153"
"IsolateID  Triple34",93,2.2384,0.4994,6.6,4.48,1.0444,3.4323,0.0033,"PI.413153"
"IsolateID  Triple74",94,0.4806,0.4989,6.6,0.96,-0.7131,1.6744,0.3692,"PI.413153"
"IsolateID  UKRazz4",95,3.4795,0.4991,6.6,6.97,2.2857,4.6734,3e-04,"PI.413153"
"IsolateID  1.01.015",1,1.8869,0.4893,3.5,3.86,0.4562,3.3177,0.0228,"PI.413153"
"IsolateID  1.01.025",2,1.9238,0.4895,3.5,3.93,0.4934,3.3543,0.0215,"PI.413153"
"IsolateID  1.01.035",3,1.6699,0.4898,3.6,3.41,0.2402,3.0996,0.0325,"PI.413153"
"IsolateID  1.01.045",4,1.4961,0.4897,3.6,3.06,0.0662,2.9261,0.0442,"PI.413153"
"IsolateID  1.01.065",5,2.0536,0.4895,3.5,4.2,0.6232,3.4841,0.0176,"PI.413153"
"IsolateID  1.01.155",6,1.3673,0.5028,3.9,2.72,-0.0362,2.7707,0.0538,"PI.413153"
"IsolateID  1.02.015",7,1.3305,0.4894,3.5,2.72,-0.1001,2.7612,0.0605,"PI.413153"
"IsolateID  1.02.025",8,1.5084,0.4894,3.5,3.08,0.0778,2.9389,0.0433,"PI.413153"
"IsolateID  1.02.035",9,1.3759,0.4895,3.5,2.81,-0.0545,2.8063,0.0554,"PI.413153"
"IsolateID  1.02.045",10,1.7448,0.4897,3.6,3.56,0.3149,3.1748,0.0286,"PI.413153"
"IsolateID  1.02.055",11,1.7931,0.4895,3.5,3.66,0.3626,3.2236,0.0265,"PI.413153"
"IsolateID  1.02.065",12,1.5515,0.4897,3.6,3.17,0.1216,2.9814,0.04,"PI.413153"
"IsolateID  1.02.135",13,0.5811,0.4896,3.6,1.19,-0.8489,2.0112,0.3086,"PI.413153"
"IsolateID  1.02.155",14,1.7052,0.4896,3.5,3.48,0.275,3.1353,0.0306,"PI.413153"
"IsolateID  1.02.165",15,0.9816,0.4895,3.5,2.01,-0.4487,2.4119,0.1244,"PI.413153"
"IsolateID  1.02.175",16,1.2359,0.4897,3.6,2.52,-0.194,2.6658,0.0729,"PI.413153"
"IsolateID  1.02.185",17,0.1636,0.4897,3.6,0.33,-1.2664,1.5936,0.7571,"PI.413153"
"IsolateID  1.02.205",18,1.482,0.4895,3.5,3.03,0.0516,2.9125,0.0454,"PI.413153"
"IsolateID  1.03.025",19,0.9607,0.4895,3.5,1.96,-0.4696,2.391,0.1302,"PI.413153"
"IsolateID  1.03.045",20,1.5165,0.4895,3.5,3.1,0.086,2.947,0.0427,"PI.413153"
"IsolateID  1.03.125",21,1.4652,0.4895,3.5,2.99,0.0349,2.8955,0.0469,"PI.413153"
"IsolateID  1.03.165",22,1.3748,0.4896,3.6,2.81,-0.0553,2.8048,0.0555,"PI.413153"
"IsolateID  1.03.185",23,1.7563,0.4894,3.5,3.59,0.3256,3.187,0.0282,"PI.413153"
"IsolateID  1.03.195",24,1.7245,0.4896,3.5,3.52,0.2943,3.1548,0.0297,"PI.413153"
"IsolateID  1.03.205",25,0.1263,0.4897,3.6,0.26,-1.3035,1.5562,0.8107,"PI.413153"
"IsolateID  1.03.225",26,1.401,0.4895,3.5,2.86,-0.0294,2.8314,0.0529,"PI.413153"
"IsolateID  1.03.235",27,1.4726,0.4895,3.5,3.01,0.0422,2.9031,0.0462,"PI.413153"
"IsolateID  1.04.015",28,1.202,0.4897,3.6,2.45,-0.2278,2.6318,0.0781,"PI.413153"
"IsolateID  1.04.025",29,0.8233,0.4894,3.5,1.68,-0.6073,2.2539,0.1769,"PI.413153"
"IsolateID  1.04.035",30,1.5977,0.4894,3.5,3.26,0.1672,3.0282,0.0369,"PI.413153"
"IsolateID  1.04.045",31,1.4799,0.4895,3.5,3.02,0.0494,2.9104,0.0456,"PI.413153"
"IsolateID  1.04.055",32,1.3027,0.4895,3.5,2.66,-0.1277,2.733,0.0639,"PI.413153"
"IsolateID  1.04.125",33,1.7099,0.4894,3.5,3.49,0.2793,3.1404,0.0304,"PI.413153"
"IsolateID  1.04.155",34,1.2958,0.4895,3.5,2.65,-0.1346,2.7262,0.0647,"PI.413153"
"IsolateID  1.04.175",35,1.4814,0.4895,3.5,3.03,0.051,2.9117,0.0455,"PI.413153"
"IsolateID  1.04.195",36,1.8366,0.4897,3.6,3.75,0.4068,3.2664,0.0246,"PI.413153"
"IsolateID  1.04.205",37,1.0024,0.4897,3.6,2.05,-0.4275,2.4322,0.1189,"PI.413153"
"IsolateID  1.04.215",38,0.6116,0.4898,3.6,1.25,-0.8181,2.0413,0.2877,"PI.413153"
"IsolateID  1.04.255",39,1.1602,0.4896,3.5,2.37,-0.27,2.5904,0.0851,"PI.413153"
"IsolateID  1.05.115",40,1.9299,0.4895,3.5,3.94,0.4995,3.3603,0.0213,"PI.413153"
"IsolateID  1.05.145",41,1.9798,0.4896,3.6,4.04,0.5497,3.4099,0.0197,"PI.413153"
"IsolateID  1.05.175",42,0.6873,0.4897,3.6,1.4,-0.7426,2.1173,0.2415,"PI.413153"
"IsolateID  1.05.225",43,1.8369,0.4895,3.5,3.75,0.4065,3.2673,0.0247,"PI.413153"
"IsolateID  1.05.245",44,1.5987,0.4895,3.5,3.27,0.1684,3.029,0.0368,"PI.413153"
"IsolateID  2.04.035",45,1.4564,0.4897,3.6,2.97,0.0264,2.8864,0.0476,"PI.413153"
"IsolateID  2.04.045",46,1.8641,0.4894,3.5,3.81,0.4336,3.2947,0.0236,"PI.413153"
"IsolateID  2.04.085",47,1.2339,0.4894,3.5,2.52,-0.1967,2.6644,0.0733,"PI.413153"
"IsolateID  2.04.095",48,1.1309,0.4895,3.5,2.31,-0.2995,2.5614,0.0904,"PI.413153"
"IsolateID  2.04.115",49,1.9277,0.4895,3.5,3.94,0.4972,3.3581,0.0214,"PI.413153"
"IsolateID  2.04.125",50,1.4136,0.4895,3.5,2.89,-0.0168,2.844,0.0516,"PI.413153"
"IsolateID  2.04.145",51,1.3646,0.4897,3.6,2.79,-0.0654,2.7946,0.0566,"PI.413153"
"IsolateID  2.04.175",52,1.5488,0.4892,3.5,3.17,0.1178,2.9799,0.0403,"PI.413153"
"IsolateID  2.04.185",53,1.681,0.4895,3.5,3.43,0.2505,3.1114,0.032,"PI.413153"
"IsolateID  2.04.205",54,1.8393,0.5026,3.9,3.66,0.4356,3.243,0.0221,"PI.413153"
"IsolateID  2.04.215",55,1.4002,0.4897,3.6,2.86,-0.0297,2.8302,0.0529,"PI.413153"
"IsolateID  20045",56,1.4114,0.4896,3.6,2.88,-0.0186,2.8415,0.0518,"PI.413153"
"IsolateID  94.15",57,1.9409,0.4894,3.5,3.97,0.5103,3.3714,0.021,"PI.413153"
"IsolateID  94.45",58,0.8993,0.4895,3.5,1.84,-0.531,2.3296,0.1491,"PI.413153"
"IsolateID  Acacia5",59,1.2652,0.4897,3.6,2.58,-0.1648,2.6953,0.0688,"PI.413153"
"IsolateID  Apple4045",60,2.202,0.4894,3.5,4.5,0.7715,3.6325,0.0142,"PI.413153"
"IsolateID  Apple5175",61,1.407,0.4895,3.5,2.87,-0.0235,2.8374,0.0523,"PI.413153"
"IsolateID  Ausubel5",62,1.4292,0.4894,3.5,2.92,-0.0014,2.8598,0.0501,"PI.413153"
"IsolateID  B05.105",63,1.301,0.4895,3.5,2.66,-0.1294,2.7314,0.0641,"PI.413153"
"IsolateID  BMM5",64,1.6785,0.4895,3.5,3.43,0.2482,3.1089,0.0321,"PI.413153"
"IsolateID  BPA15",65,2.1167,0.4896,3.5,4.32,0.6864,3.547,0.0161,"PI.413153"
"IsolateID  DavisNavel5",66,0.3943,0.4896,3.5,0.81,-1.0358,1.8244,0.4711,"PI.413153"
"IsolateID  EsparatoFresa5",67,0.7281,0.4897,3.6,1.49,-0.702,2.1581,0.2199,"PI.413153"
"IsolateID  Fd15",68,1.4673,0.4894,3.5,3,0.0367,2.8979,0.0467,"PI.413153"
"IsolateID  Fd25",69,1.9157,0.4898,3.6,3.91,0.4862,3.3453,0.0217,"PI.413153"
"IsolateID  Fresa5255",70,1.6465,0.4897,3.6,3.36,0.2165,3.0764,0.0339,"PI.413153"
"IsolateID  FresaSD5",71,0.9764,0.4896,3.5,1.99,-0.4538,2.4067,0.1258,"PI.413153"
"IsolateID  Gallo15",72,1.4831,0.4894,3.5,3.03,0.0525,2.9136,0.0454,"PI.413153"
"IsolateID  Gallo25",73,1.649,0.4896,3.5,3.37,0.2188,3.0792,0.0337,"PI.413153"
"IsolateID  Geranium5",74,0.4923,0.4896,3.5,1.01,-0.938,1.9225,0.3782,"PI.413153"
"IsolateID  Grape5",75,1.5569,0.4898,3.6,3.18,0.1272,2.9866,0.0396,"PI.413153"
"IsolateID  KatieTomato5",76,2.0207,0.4897,3.6,4.13,0.5908,3.4507,0.0185,"PI.413153"
"IsolateID  KernA25",77,1.4199,0.4898,3.6,2.9,-0.0097,2.8494,0.0509,"PI.413153"
"IsolateID  KernB15",78,1.732,0.4894,3.5,3.54,0.3014,3.1627,0.0293,"PI.413153"
"IsolateID  KernB25",79,1.6872,0.4894,3.5,3.45,0.2566,3.1179,0.0316,"PI.413153"
"IsolateID  KGB25",80,1.6837,0.4894,3.5,3.44,0.2532,3.1143,0.0318,"PI.413153"
"IsolateID  MEAP6G5",81,1.4938,0.4893,3.5,3.05,0.063,2.9246,0.0445,"PI.413153"
"IsolateID  Mex035",82,1.1354,0.4897,3.6,2.32,-0.2945,2.5653,0.0896,"PI.413153"
"IsolateID  Molly5",83,1.5854,0.4895,3.5,3.24,0.155,3.0159,0.0377,"PI.413153"
"IsolateID  Navel5",84,1.3206,0.4898,3.6,2.7,-0.1092,2.7504,0.0616,"PI.413153"
"IsolateID  NobleRot5",85,0.8242,0.4893,3.5,1.68,-0.6066,2.255,0.1766,"PI.413153"
"IsolateID  Peachy5",86,1.135,0.4894,3.5,2.32,-0.2956,2.5657,0.0897,"PI.413153"
"IsolateID  Pepper5",87,1.7334,0.4895,3.5,3.54,0.3029,3.1639,0.0293,"PI.413153"
"IsolateID  PepperSub5",88,1.3084,0.4894,3.5,2.67,-0.1223,2.7391,0.0632,"PI.413153"
"IsolateID  PhiloMenlo5",89,1.7923,0.4901,3.6,3.66,0.3633,3.2212,0.0264,"PI.413153"
"IsolateID  Rasp5",90,2.3881,0.4893,3.5,4.88,0.9573,3.8188,0.0111,"PI.413153"
"IsolateID  Rose5",91,0.4315,0.4895,3.5,0.88,-0.999,1.862,0.4337,"PI.413153"
"IsolateID  Supersteak5",92,2.1103,0.4896,3.6,4.31,0.6802,3.5404,0.0162,"PI.413153"
"IsolateID  Triple35",93,1.8427,0.4897,3.6,3.76,0.4128,3.2725,0.0244,"PI.413153"
"IsolateID  Triple75",94,0.505,0.4895,3.5,1.03,-0.9253,1.9354,0.3674,"PI.413153"
"IsolateID  UKRazz5",95,2.1432,0.4896,3.5,4.38,0.713,3.5734,0.0155,"PI.413153"
"IsolateID  1.01.016",1,2.3934,0.4452,13.5,5.38,1.4355,3.3514,1e-04,"PI.413153"
"IsolateID  1.01.026",2,2.1464,0.4454,13.6,4.82,1.1881,3.1046,3e-04,"PI.413153"
"IsolateID  1.01.036",3,2.582,0.446,13.6,5.79,1.623,3.541,1e-04,"PI.413153"
"IsolateID  1.01.046",4,2.5588,0.4459,13.6,5.74,1.6,3.5176,1e-04,"PI.413153"
"IsolateID  1.01.066",5,2.5994,0.4455,13.6,5.84,1.6411,3.5577,0,"PI.413153"
"IsolateID  1.01.156",6,2.2786,0.4682,16.5,4.87,1.2884,3.2688,2e-04,"PI.413153"
"IsolateID  1.02.016",7,2.3112,0.4453,13.5,5.19,1.3531,3.2692,2e-04,"PI.413153"
"IsolateID  1.02.026",8,1.7053,0.4454,13.6,3.83,0.7471,2.6635,0.0019,"PI.413153"
"IsolateID  1.02.036",9,2.2307,0.4455,13.6,5.01,1.2723,3.189,2e-04,"PI.413153"
"IsolateID  1.02.046",10,2.7312,0.4458,13.6,6.13,1.7725,3.6899,0,"PI.413153"
"IsolateID  1.02.056",11,3.0502,0.4454,13.6,6.85,2.092,4.0084,0,"PI.413153"
"IsolateID  1.02.066",12,2.5698,0.4458,13.6,5.76,1.611,3.5286,1e-04,"PI.413153"
"IsolateID  1.02.136",13,0.9779,0.4457,13.6,2.19,0.0192,1.9365,0.0462,"PI.413153"
"IsolateID  1.02.156",14,2.6335,0.4456,13.6,5.91,1.6749,3.592,0,"PI.413153"
"IsolateID  1.02.166",15,1.6218,0.4455,13.6,3.64,0.6634,2.5803,0.0028,"PI.413153"
"IsolateID  1.02.176",16,2.2549,0.4458,13.6,5.06,1.2961,3.2136,2e-04,"PI.413153"
"IsolateID  1.02.186",17,-0.0485,0.4458,13.6,-0.11,-1.0072,0.9103,0.915,"PI.413153"
"IsolateID  1.02.206",18,2.1161,0.4454,13.6,4.75,1.1578,3.0743,3e-04,"PI.413153"
"IsolateID  1.03.026",19,2.357,0.4456,13.6,5.29,1.3986,3.3155,1e-04,"PI.413153"
"IsolateID  1.03.046",20,2.0405,0.4454,13.6,4.58,1.0823,2.9987,5e-04,"PI.413153"
"IsolateID  1.03.126",21,1.7412,0.4456,13.6,3.91,0.7827,2.6996,0.0017,"PI.413153"
"IsolateID  1.03.166",22,2.1461,0.4457,13.6,4.81,1.1874,3.1047,3e-04,"PI.413153"
"IsolateID  1.03.186",23,2.1298,0.4453,13.5,4.78,1.1717,3.0878,3e-04,"PI.413153"
"IsolateID  1.03.196",24,2.1895,0.4455,13.6,4.91,1.2311,3.148,2e-04,"PI.413153"
"IsolateID  1.03.206",25,0.1831,0.4459,13.6,0.41,-0.7758,1.1419,0.6878,"PI.413153"
"IsolateID  1.03.226",26,1.8801,0.4455,13.6,4.22,0.9218,2.8385,9e-04,"PI.413153"
"IsolateID  1.03.236",27,2.227,0.4454,13.6,5,1.2687,3.1853,2e-04,"PI.413153"
"IsolateID  1.04.016",28,2.4738,0.4459,13.6,5.55,1.515,3.4327,1e-04,"PI.413153"
"IsolateID  1.04.026",29,1.0571,0.4453,13.6,2.37,0.099,2.0152,0.033,"PI.413153"
"IsolateID  1.04.036",30,2.3844,0.4454,13.6,5.35,1.4261,3.3426,1e-04,"PI.413153"
"IsolateID  1.04.046",31,2.7337,0.4454,13.6,6.14,1.7755,3.6919,0,"PI.413153"
"IsolateID  1.04.056",32,2.2198,0.4455,13.6,4.98,1.2614,3.1782,2e-04,"PI.413153"
"IsolateID  1.04.126",33,2.1376,0.4453,13.5,4.8,1.1795,3.0958,3e-04,"PI.413153"
"IsolateID  1.04.156",34,1.8191,0.4455,13.6,4.08,0.8607,2.7774,0.0012,"PI.413153"
"IsolateID  1.04.176",35,1.4475,0.4455,13.6,3.25,0.4891,2.406,0.006,"PI.413153"
"IsolateID  1.04.196",36,2.3039,0.4459,13.6,5.17,1.3451,3.2628,2e-04,"PI.413153"
"IsolateID  1.04.206",37,1.4142,0.4459,13.6,3.17,0.4553,2.3731,0.007,"PI.413153"
"IsolateID  1.04.216",38,1.6302,0.446,13.6,3.66,0.6712,2.5892,0.0027,"PI.413153"
"IsolateID  1.04.256",39,2.0679,0.4456,13.6,4.64,1.1094,3.0265,4e-04,"PI.413153"
"IsolateID  1.05.116",40,2.2091,0.4454,13.6,4.96,1.2508,3.1674,2e-04,"PI.413153"
"IsolateID  1.05.146",41,2.4698,0.4457,13.6,5.54,1.5112,3.4285,1e-04,"PI.413153"
"IsolateID  1.05.176",42,1.9411,0.4458,13.6,4.35,0.9824,2.8999,7e-04,"PI.413153"
"IsolateID  1.05.226",43,2.3206,0.4455,13.6,5.21,1.3623,3.2789,1e-04,"PI.413153"
"IsolateID  1.05.246",44,2.7668,0.4456,13.6,6.21,1.8084,3.7253,0,"PI.413153"
"IsolateID  2.04.036",45,2.4833,0.4458,13.6,5.57,1.5245,3.442,1e-04,"PI.413153"
"IsolateID  2.04.046",46,2.6791,0.4453,13.5,6.02,1.721,3.6372,0,"PI.413153"
"IsolateID  2.04.086",47,2.6468,0.4454,13.6,5.94,1.6887,3.605,0,"PI.413153"
"IsolateID  2.04.096",48,2.2322,0.4454,13.6,5.01,1.274,3.1905,2e-04,"PI.413153"
"IsolateID  2.04.116",49,2.5565,0.4454,13.6,5.74,1.5982,3.5148,1e-04,"PI.413153"
"IsolateID  2.04.126",50,3.0331,0.4455,13.6,6.81,2.0747,3.9915,0,"PI.413153"
"IsolateID  2.04.146",51,2.0983,0.4458,13.6,4.71,1.1396,3.057,4e-04,"PI.413153"
"IsolateID  2.04.176",52,2.3336,0.445,13.5,5.24,1.3759,3.2913,1e-04,"PI.413153"
"IsolateID  2.04.186",53,2.4667,0.4454,13.6,5.54,1.5084,3.425,1e-04,"PI.413153"
"IsolateID  2.04.206",54,2.8729,0.4679,16.5,6.14,1.8832,3.8627,0,"PI.413153"
"IsolateID  2.04.216",55,2.0405,0.4458,13.6,4.58,1.0817,2.9993,5e-04,"PI.413153"
"IsolateID  20046",56,2.4464,0.4457,13.6,5.49,1.4877,3.405,1e-04,"PI.413153"
"IsolateID  94.16",57,3.2515,0.4454,13.6,7.3,2.2934,4.2097,0,"PI.413153"
"IsolateID  94.46",58,1.5021,0.4456,13.6,3.37,0.5436,2.4605,0.0047,"PI.413153"
"IsolateID  Acacia6",59,1.8172,0.4457,13.6,4.08,0.8586,2.7759,0.0012,"PI.413153"
"IsolateID  Apple4046",60,2.437,0.4454,13.6,5.47,1.4788,3.3952,1e-04,"PI.413153"
"IsolateID  Apple5176",61,2.1198,0.4455,13.6,4.76,1.1615,3.0781,3e-04,"PI.413153"
"IsolateID  Ausubel6",62,1.5338,0.4453,13.5,3.44,0.5757,2.4919,0.0041,"PI.413153"
"IsolateID  B05.106",63,0.8955,0.4455,13.6,2.01,-0.0629,1.8538,0.0647,"PI.413153"
"IsolateID  BMM6",64,2.606,0.4455,13.6,5.85,1.6477,3.5644,0,"PI.413153"
"IsolateID  BPA16",65,2.792,0.4456,13.6,6.27,1.8335,3.7504,0,"PI.413153"
"IsolateID  DavisNavel6",66,0.0762,0.4457,13.6,0.17,-0.8824,1.0347,0.8668,"PI.413153"
"IsolateID  EsparatoFresa6",67,1.0697,0.4458,13.6,2.4,0.1109,2.0284,0.0314,"PI.413153"
"IsolateID  Fd16",68,3.5358,0.4454,13.6,7.94,2.5776,4.4939,0,"PI.413153"
"IsolateID  Fd26",69,2.0267,0.446,13.6,4.54,1.0676,2.9858,5e-04,"PI.413153"
"IsolateID  Fresa5256",70,2.6595,0.4458,13.6,5.97,1.7008,3.6183,0,"PI.413153"
"IsolateID  FresaSD6",71,1.8528,0.4456,13.6,4.16,0.8943,2.8112,0.001,"PI.413153"
"IsolateID  Gallo16",72,0.669,0.4454,13.6,1.5,-0.2892,1.6272,0.156,"PI.413153"
"IsolateID  Gallo26",73,2.2688,0.4456,13.6,5.09,1.3103,3.2273,2e-04,"PI.413153"
"IsolateID  Geranium6",74,1.0291,0.4456,13.6,2.31,0.0706,1.9876,0.0372,"PI.413153"
"IsolateID  Grape6",75,1.6728,0.446,13.6,3.75,0.7138,2.6319,0.0022,"PI.413153"
"IsolateID  KatieTomato6",76,2.8159,0.4458,13.6,6.32,1.8571,3.7747,0,"PI.413153"
"IsolateID  KernA26",77,2.1729,0.4461,13.6,4.87,1.2138,3.132,3e-04,"PI.413153"
"IsolateID  KernB16",78,2.3629,0.4453,13.6,5.31,1.4048,3.3211,1e-04,"PI.413153"
"IsolateID  KernB26",79,2.6209,0.4453,13.6,5.89,1.6627,3.579,0,"PI.413153"
"IsolateID  KGB26",80,2.6096,0.4453,13.6,5.86,1.6515,3.5678,0,"PI.413153"
"IsolateID  MEAP6G6",81,2.0039,0.4452,13.5,4.5,1.046,2.9619,5e-04,"PI.413153"
"IsolateID  Mex036",82,2.0536,0.4458,13.6,4.61,1.0948,3.0124,4e-04,"PI.413153"
"IsolateID  Molly6",83,2.9584,0.4454,13.6,6.64,2.0001,3.9166,0,"PI.413153"
"IsolateID  Navel6",84,2.2732,0.4459,13.6,5.1,1.3143,3.2322,2e-04,"PI.413153"
"IsolateID  NobleRot6",85,1.3281,0.4452,13.5,2.98,0.3702,2.2861,0.0102,"PI.413153"
"IsolateID  Peachy6",86,2.7597,0.4453,13.5,6.2,1.8016,3.7178,0,"PI.413153"
"IsolateID  Pepper6",87,2.1085,0.4454,13.6,4.73,1.1503,3.0668,3e-04,"PI.413153"
"IsolateID  PepperSub6",88,2.1191,0.4453,13.5,4.76,1.1611,3.0772,3e-04,"PI.413153"
"IsolateID  PhiloMenlo6",89,2.6413,0.4466,13.7,5.91,1.6816,3.6011,0,"PI.413153"
"IsolateID  Rasp6",90,3.0492,0.4453,13.5,6.85,2.0912,4.0072,0,"PI.413153"
"IsolateID  Rose6",91,1.6355,0.4454,13.6,3.67,0.6773,2.5938,0.0026,"PI.413153"
"IsolateID  Supersteak6",92,2.8557,0.4457,13.6,6.41,1.897,3.8143,0,"PI.413153"
"IsolateID  Triple36",93,2.4781,0.4459,13.6,5.56,1.5192,3.4369,1e-04,"PI.413153"
"IsolateID  Triple76",94,0.5131,0.4455,13.6,1.15,-0.4453,1.4715,0.2693,"PI.413153"
"IsolateID  UKRazz6",95,3.6037,0.4457,13.6,8.09,2.6451,4.5622,0,"PI.413153"
"IsolateID  1.01.017",1,2.1514,0.5079,2.3,4.24,0.2118,4.0909,0.0403,"PI.413153"
"IsolateID  1.01.027",2,1.9465,0.508,2.3,3.83,0.0076,3.8854,0.0496,"PI.413153"
"IsolateID  1.01.037",3,2.0008,0.5083,2.3,3.94,0.065,3.9367,0.0467,"PI.413153"
"IsolateID  1.01.047",4,2.0616,0.5083,2.3,4.06,0.1253,3.9978,0.0439,"PI.413153"
"IsolateID  1.01.067",5,2.3359,0.5223,2.6,4.47,0.5009,4.1708,0.0289,"PI.413153"
"IsolateID  1.01.157",6,1.6578,0.5083,2.3,3.26,-0.2785,3.594,0.0684,"PI.413153"
"IsolateID  1.02.017",7,1.9661,0.508,2.3,3.87,0.0272,3.905,0.0486,"PI.413153"
"IsolateID  1.02.027",8,1.7169,0.508,2.3,3.38,-0.2213,3.6552,0.0639,"PI.413153"
"IsolateID  1.02.037",9,1.7143,0.508,2.3,3.37,-0.2241,3.6526,0.0641,"PI.413153"
"IsolateID  1.02.047",10,1.7773,0.5081,2.3,3.5,-0.1603,3.7149,0.0596,"PI.413153"
"IsolateID  1.02.057",11,1.9179,0.508,2.3,3.78,-0.0205,3.8562,0.0511,"PI.413153"
"IsolateID  1.02.067",12,1.942,0.5082,2.3,3.82,0.0053,3.8787,0.0497,"PI.413153"
"IsolateID  1.02.137",13,0.705,0.5224,2.6,1.35,-1.1294,2.5394,0.2839,"PI.413153"
"IsolateID  1.02.157",14,1.6833,0.5081,2.3,3.31,-0.2542,3.6209,0.0664,"PI.413153"
"IsolateID  1.02.167",15,0.954,0.5081,2.3,1.88,-0.9839,2.8918,0.1847,"PI.413153"
"IsolateID  1.02.177",16,1.7387,0.5083,2.3,3.42,-0.1977,3.6751,0.0622,"PI.413153"
"IsolateID  1.02.187",17,0.0591,0.5082,2.3,0.12,-1.8781,1.9964,0.9168,"PI.413153"
"IsolateID  1.02.207",18,1.8909,0.5223,2.6,3.62,0.0556,3.7261,0.0468,"PI.413153"
"IsolateID  1.03.027",19,1.9925,0.5081,2.3,3.92,0.0548,3.9301,0.0472,"PI.413153"
"IsolateID  1.03.047",20,1.5778,0.508,2.3,3.11,-0.3609,3.5166,0.0755,"PI.413153"
"IsolateID  1.03.127",21,1.6395,0.5081,2.3,3.23,-0.2983,3.5773,0.07,"PI.413153"
"IsolateID  1.03.167",22,1.5294,0.5082,2.3,3.01,-0.4074,3.4662,0.0801,"PI.413153"
"IsolateID  1.03.187",23,2.2902,0.508,2.3,4.51,0.3513,4.2292,0.0353,"PI.413153"
"IsolateID  1.03.197",24,1.4278,0.5081,2.3,2.81,-0.5102,3.3659,0.0915,"PI.413153"
"IsolateID  1.03.207",25,0.1064,0.5082,2.3,0.21,-1.8303,2.043,0.8514,"PI.413153"
"IsolateID  1.03.227",26,1.45,0.508,2.3,2.85,-0.4886,3.3887,0.0889,"PI.413153"
"IsolateID  1.03.237",27,2.1556,0.508,2.3,4.24,0.2171,4.0941,0.0401,"PI.413153"
"IsolateID  1.04.017",28,1.6104,0.5083,2.3,3.17,-0.326,3.5468,0.0724,"PI.413153"
"IsolateID  1.04.027",29,1.0679,0.508,2.3,2.1,-0.871,3.0068,0.1538,"PI.413153"
"IsolateID  1.04.037",30,1.9379,0.508,2.3,3.81,-4e-04,3.8763,0.05,"PI.413153"
"IsolateID  1.04.047",31,1.6694,0.5079,2.3,3.29,-0.2697,3.6085,0.0676,"PI.413153"
"IsolateID  1.04.057",32,1.6527,0.5081,2.3,3.25,-0.285,3.5904,0.0689,"PI.413153"
"IsolateID  1.04.127",33,1.4114,0.5223,2.6,2.7,-0.4238,3.2467,0.0874,"PI.413153"
"IsolateID  1.04.157",34,1.4212,0.5081,2.3,2.8,-0.5165,3.3589,0.0923,"PI.413153"
"IsolateID  1.04.177",35,2.4125,0.5225,2.6,4.62,0.5784,4.2466,0.0267,"PI.413153"
"IsolateID  1.04.197",36,1.6895,0.5083,2.3,3.32,-0.2469,3.6259,0.0659,"PI.413153"
"IsolateID  1.04.207",37,1.2334,0.5083,2.3,2.43,-0.7026,3.1694,0.1197,"PI.413153"
"IsolateID  1.04.217",38,0.7722,0.5083,2.3,1.52,-1.1639,2.7082,0.2522,"PI.413153"
"IsolateID  1.04.257",39,2.135,0.5081,2.3,4.2,0.1972,4.0728,0.0409,"PI.413153"
"IsolateID  1.05.117",40,2.0318,0.508,2.3,4,0.0932,3.9705,0.0454,"PI.413153"
"IsolateID  1.05.147",41,1.7444,0.5082,2.3,3.43,-0.1924,3.6812,0.0618,"PI.413153"
"IsolateID  1.05.177",42,1.1603,0.5082,2.3,2.28,-0.7764,3.097,0.1333,"PI.413153"
"IsolateID  1.05.227",43,1.7746,0.5079,2.3,3.49,-0.1646,3.7139,0.0599,"PI.413153"
"IsolateID  1.05.247",44,1.9628,0.5082,2.3,3.86,0.0261,3.8994,0.0486,"PI.413153"
"IsolateID  2.04.037",45,1.9557,0.5082,2.3,3.85,0.019,3.8923,0.049,"PI.413153"
"IsolateID  2.04.047",46,2.1972,0.5221,2.6,4.21,0.361,4.0335,0.0333,"PI.413153"
"IsolateID  2.04.087",47,2.1595,0.508,2.3,4.25,0.2207,4.0982,0.04,"PI.413153"
"IsolateID  2.04.097",48,2.2676,0.5079,2.3,4.46,0.3285,4.2066,0.0361,"PI.413153"
"IsolateID  2.04.117",49,1.8217,0.508,2.3,3.59,-0.1173,3.7606,0.0568,"PI.413153"
"IsolateID  2.04.127",50,2.0936,0.5081,2.3,4.12,0.1556,4.0315,0.0426,"PI.413153"
"IsolateID  2.04.147",51,1.8878,0.5083,2.3,3.71,-0.0485,3.8242,0.0527,"PI.413153"
"IsolateID  2.04.177",52,1.6937,0.5078,2.3,3.33,-0.2462,3.6335,0.0658,"PI.413153"
"IsolateID  2.04.187",53,1.9764,0.508,2.3,3.89,0.0382,3.9146,0.048,"PI.413153"
"IsolateID  2.04.207",54,1.5638,0.508,2.3,3.08,-0.3747,3.5023,0.0768,"PI.413153"
"IsolateID  2.04.217",55,1.8373,0.5083,2.3,3.61,-0.0988,3.7735,0.0556,"PI.413153"
"IsolateID  20047",56,1.683,0.5082,2.3,3.31,-0.254,3.62,0.0664,"PI.413153"
"IsolateID  94.17",57,1.9914,0.508,2.3,3.92,0.0527,3.9301,0.0473,"PI.413153"
"IsolateID  94.47",58,0.6416,0.5081,2.3,1.26,-1.296,2.5791,0.3198,"PI.413153"
"IsolateID  Acacia7",59,1.7632,0.5082,2.3,3.47,-0.174,3.7004,0.0605,"PI.413153"
"IsolateID  Apple4047",60,2.4988,0.5079,2.3,4.92,0.5597,4.4379,0.0294,"PI.413153"
"IsolateID  Apple5177",61,2.0724,0.5081,2.3,4.08,0.1344,4.0105,0.0435,"PI.413153"
"IsolateID  Ausubel7",62,1.4129,0.5079,2.3,2.78,-0.5268,3.3526,0.0934,"PI.413153"
"IsolateID  B05.107",63,0.8266,0.508,2.3,1.63,-1.112,2.7652,0.2292,"PI.413153"
"IsolateID  BMM7",64,1.7133,0.508,2.3,3.37,-0.2251,3.6517,0.0642,"PI.413153"
"IsolateID  BPA17",65,2.1498,0.5081,2.3,4.23,0.212,4.0877,0.0403,"PI.413153"
"IsolateID  DavisNavel7",66,0.4177,0.5082,2.3,0.82,-1.5195,2.3549,0.4877,"PI.413153"
"IsolateID  EsparatoFresa7",67,0.5564,0.5083,2.3,1.09,-1.3798,2.4927,0.375,"PI.413153"
"IsolateID  Fd17",68,2.5304,0.5224,2.6,4.84,0.6957,4.3651,0.0239,"PI.413153"
"IsolateID  Fd27",69,1.8682,0.5083,2.3,3.68,-0.0676,3.8039,0.0538,"PI.413153"
"IsolateID  Fresa5257",70,2.3133,0.5225,2.6,4.43,0.4798,4.1469,0.0294,"PI.413153"
"IsolateID  FresaSD7",71,1.396,0.5224,2.6,2.67,-0.4385,3.2304,0.0893,"PI.413153"
"IsolateID  Gallo17",72,0.9563,0.508,2.3,1.88,-0.9821,2.8946,0.184,"PI.413153"
"IsolateID  Gallo27",73,1.701,0.508,2.3,3.35,-0.2375,3.6395,0.0651,"PI.413153"
"IsolateID  Geranium7",74,0.5775,0.5223,2.6,1.11,-1.2577,2.4127,0.3618,"PI.413153"
"IsolateID  Grape7",75,1.2693,0.5083,2.3,2.5,-0.6667,3.2054,0.1136,"PI.413153"
"IsolateID  KatieTomato7",76,2.3918,0.5082,2.3,4.71,0.4552,4.3283,0.0321,"PI.413153"
"IsolateID  KernA27",77,1.843,0.5226,2.6,3.53,0.0099,3.676,0.0494,"PI.413153"
"IsolateID  KernB17",78,1.6202,0.508,2.3,3.19,-0.3187,3.5591,0.0717,"PI.413153"
"IsolateID  KernB27",79,2.7899,0.508,2.3,5.49,0.8512,4.7287,0.0232,"PI.413153"
"IsolateID  KGB27",80,1.9508,0.508,2.3,3.84,0.0118,3.8897,0.0494,"PI.413153"
"IsolateID  MEAP6G7",81,1.5877,0.5079,2.3,3.13,-0.3519,3.5274,0.0747,"PI.413153"
"IsolateID  Mex037",82,1.4409,0.5082,2.3,2.84,-0.4963,3.3781,0.0899,"PI.413153"
"IsolateID  Molly7",83,2.099,0.508,2.3,4.13,0.1605,4.0374,0.0424,"PI.413153"
"IsolateID  Navel7",84,2.1711,0.5226,2.6,4.15,0.3376,4.0046,0.0341,"PI.413153"
"IsolateID  NobleRot7",85,0.8352,0.5079,2.3,1.64,-1.1042,2.7746,0.2258,"PI.413153"
"IsolateID  Peachy7",86,1.7861,0.5079,2.3,3.52,-0.153,3.7251,0.0591,"PI.413153"
"IsolateID  Pepper7",87,1.8287,0.5081,2.3,3.6,-0.1092,3.7667,0.0563,"PI.413153"
"IsolateID  PepperSub7",88,1.8735,0.508,2.3,3.69,-0.0653,3.8123,0.0536,"PI.413153"
"IsolateID  PhiloMenlo7",89,1.3027,0.5086,2.3,2.56,-0.6308,3.2362,0.1082,"PI.413153"
"IsolateID  Rasp7",90,2.5155,0.508,2.3,4.95,0.5767,4.4543,0.0289,"PI.413153"
"IsolateID  Rose7",91,1.0677,0.5081,2.3,2.1,-0.8699,3.0054,0.1537,"PI.413153"
"IsolateID  Supersteak7",92,2.3157,0.5082,2.3,4.56,0.3787,4.2527,0.0344,"PI.413153"
"IsolateID  Triple37",93,1.8929,0.5083,2.3,3.72,-0.043,3.8289,0.0524,"PI.413153"
"IsolateID  Triple77",94,0.1553,0.5081,2.3,0.31,-1.7826,2.0931,0.7855,"PI.413153"
"IsolateID  UKRazz7",95,2.5006,0.5082,2.3,4.92,0.5637,4.4375,0.0292,"PI.413153"
"IsolateID  1.01.018",1,1.9038,0.5255,3.9,3.62,0.4254,3.3822,0.0236,"PI.413153"
"IsolateID  1.01.028",2,1.7098,0.5256,3.9,3.25,0.2316,3.188,0.0328,"PI.413153"
"IsolateID  1.01.038",3,1.6125,0.5259,3.9,3.07,0.1349,3.0902,0.0389,"PI.413153"
"IsolateID  1.01.048",4,1.6086,0.5259,3.9,3.06,0.1308,3.0863,0.0392,"PI.413153"
"IsolateID  1.01.068",5,1.4921,0.5257,3.9,2.84,0.0139,2.9702,0.0487,"PI.413153"
"IsolateID  1.01.158",6,1.2331,0.5426,4.4,2.27,-0.2211,2.6873,0.0795,"PI.413153"
"IsolateID  1.02.018",7,1.8596,0.5256,3.9,3.54,0.3813,3.3379,0.0254,"PI.413153"
"IsolateID  1.02.028",8,1.3193,0.5256,3.9,2.51,-0.1589,2.7975,0.0681,"PI.413153"
"IsolateID  1.02.038",9,1.1649,0.5257,3.9,2.22,-0.3132,2.6431,0.0932,"PI.413153"
"IsolateID  1.02.048",10,1.8968,0.5258,3.9,3.61,0.419,3.3746,0.0238,"PI.413153"
"IsolateID  1.02.058",11,2.1273,0.5256,3.9,4.05,0.6491,3.6055,0.0165,"PI.413153"
"IsolateID  1.02.068",12,1.7404,0.5259,3.9,3.31,0.2626,3.2182,0.031,"PI.413153"
"IsolateID  1.02.138",13,0.709,0.5258,3.9,1.35,-0.7689,2.1869,0.2509,"PI.413153"
"IsolateID  1.02.158",14,2.2868,0.5258,3.9,4.35,0.8088,3.7647,0.013,"PI.413153"
"IsolateID  1.02.168",15,0.6969,0.5257,3.9,1.33,-0.7812,2.175,0.2577,"PI.413153"
"IsolateID  1.02.178",16,1.7131,0.5259,3.9,3.26,0.2353,3.1909,0.0325,"PI.413153"
"IsolateID  1.02.188",17,0.0051,0.5258,3.9,0.01,-1.4727,1.4829,0.9927,"PI.413153"
"IsolateID  1.02.208",18,1.3654,0.5256,3.9,2.6,-0.1128,2.8436,0.0621,"PI.413153"
"IsolateID  1.03.028",19,0.8884,0.5257,3.9,1.69,-0.5896,2.3665,0.1686,"PI.413153"
"IsolateID  1.03.048",20,1.8717,0.5256,3.9,3.56,0.3935,3.3499,0.0249,"PI.413153"
"IsolateID  1.03.128",21,1.8793,0.5257,3.9,3.57,0.4013,3.3574,0.0245,"PI.413153"
"IsolateID  1.03.168",22,1.8432,0.5258,3.9,3.51,0.3653,3.321,0.026,"PI.413153"
"IsolateID  1.03.188",23,1.5489,0.5255,3.9,2.95,0.0706,3.0273,0.0438,"PI.413153"
"IsolateID  1.03.198",24,1.4861,0.5257,3.9,2.83,0.008,2.9642,0.0492,"PI.413153"
"IsolateID  1.03.208",25,0.1136,0.5259,3.9,0.22,-1.3641,1.5914,0.8398,"PI.413153"
"IsolateID  1.03.228",26,1.1242,0.5257,3.9,2.14,-0.3539,2.6024,0.1014,"PI.413153"
"IsolateID  1.03.238",27,1.7147,0.5256,3.9,3.26,0.2365,3.1929,0.0325,"PI.413153"
"IsolateID  1.04.018",28,1.73,0.5259,3.9,3.29,0.2523,3.2077,0.0316,"PI.413153"
"IsolateID  1.04.028",29,0.6827,0.5256,3.9,1.3,-0.7956,2.161,0.2659,"PI.413153"
"IsolateID  1.04.038",30,1.7527,0.5256,3.9,3.33,0.2745,3.2309,0.0304,"PI.413153"
"IsolateID  1.04.048",31,1.7131,0.5256,3.9,3.26,0.2349,3.1914,0.0326,"PI.413153"
"IsolateID  1.04.058",32,1.4491,0.5257,3.9,2.76,-0.029,2.9272,0.0528,"PI.413153"
"IsolateID  1.04.128",33,1.3078,0.5256,3.9,2.49,-0.1705,2.7861,0.0696,"PI.413153"
"IsolateID  1.04.158",34,1.0188,0.5257,3.9,1.94,-0.4593,2.4969,0.1269,"PI.413153"
"IsolateID  1.04.178",35,1.3787,0.5257,3.9,2.62,-0.0994,2.8568,0.0605,"PI.413153"
"IsolateID  1.04.198",36,1.2994,0.5259,3.9,2.47,-0.1784,2.7771,0.0708,"PI.413153"
"IsolateID  1.04.208",37,1.6592,0.5259,3.9,3.16,0.1815,3.137,0.0358,"PI.413153"
"IsolateID  1.04.218",38,0.869,0.526,3.9,1.65,-0.6086,2.3466,0.176,"PI.413153"
"IsolateID  1.04.258",39,1.9266,0.5257,3.9,3.66,0.4486,3.4046,0.0227,"PI.413153"
"IsolateID  1.05.118",40,1.4128,0.5256,3.9,2.69,-0.0654,2.891,0.0567,"PI.413153"
"IsolateID  1.05.148",41,1.6406,0.5258,3.9,3.12,0.1628,3.1185,0.037,"PI.413153"
"IsolateID  1.05.178",42,1.1196,0.5258,3.9,2.13,-0.3583,2.5974,0.1024,"PI.413153"
"IsolateID  1.05.228",43,1.3441,0.5257,3.9,2.56,-0.134,2.8223,0.0648,"PI.413153"
"IsolateID  1.05.248",44,1.9175,0.5257,3.9,3.65,0.4395,3.3956,0.023,"PI.413153"
"IsolateID  2.04.038",45,2.8413,0.5259,3.9,5.4,1.3635,4.3191,0.0062,"PI.413153"
"IsolateID  2.04.048",46,1.2952,0.5256,3.9,2.46,-0.1831,2.7735,0.0714,"PI.413153"
"IsolateID  2.04.088",47,2.6417,0.5256,3.9,5.03,1.1635,4.12,0.008,"PI.413153"
"IsolateID  2.04.098",48,2.1843,0.5257,3.9,4.16,0.7062,3.6625,0.0152,"PI.413153"
"IsolateID  2.04.118",49,2.4738,0.5256,3.9,4.71,0.9956,3.952,0.01,"PI.413153"
"IsolateID  2.04.128",50,2.3361,0.5257,3.9,4.44,0.858,3.8142,0.0121,"PI.413153"
"IsolateID  2.04.148",51,2.0555,0.5258,3.9,3.91,0.5777,3.5334,0.0184,"PI.413153"
"IsolateID  2.04.178",52,2.0067,0.5254,3.9,3.82,0.5281,3.4853,0.02,"PI.413153"
"IsolateID  2.04.188",53,1.7636,0.5257,3.9,3.36,0.2854,3.2418,0.0298,"PI.413153"
"IsolateID  2.04.208",54,2.4402,0.5425,4.4,4.5,0.9858,3.8945,0.0087,"PI.413153"
"IsolateID  2.04.218",55,1.799,0.5259,3.9,3.42,0.3212,3.2767,0.0281,"PI.413153"
"IsolateID  20048",56,1.2942,0.5258,3.9,2.46,-0.1837,2.7721,0.0715,"PI.413153"
"IsolateID  94.18",57,2.1389,0.5256,3.9,4.07,0.6606,3.6171,0.0162,"PI.413153"
"IsolateID  94.48",58,0.9058,0.5257,3.9,1.72,-0.5722,2.3839,0.1623,"PI.413153"
"IsolateID  Acacia8",59,1.4935,0.5258,3.9,2.84,0.0157,2.9714,0.0485,"PI.413153"
"IsolateID  Apple4048",60,2.0048,0.5256,3.9,3.81,0.5266,3.4831,0.02,"PI.413153"
"IsolateID  Apple5178",61,1.8419,0.5257,3.9,3.5,0.3637,3.32,0.0261,"PI.413153"
"IsolateID  Ausubel8",62,1.5915,0.5256,3.9,3.03,0.1131,3.0698,0.0405,"PI.413153"
"IsolateID  B05.108",63,0.5815,0.5257,3.9,1.11,-0.8967,2.0596,0.3326,"PI.413153"
"IsolateID  BMM8",64,1.2169,0.5257,3.9,2.31,-0.2612,2.695,0.0837,"PI.413153"
"IsolateID  BPA18",65,1.4205,0.5257,3.9,2.7,-0.0576,2.8985,0.0558,"PI.413153"
"IsolateID  DavisNavel8",66,0.3442,0.5258,3.9,0.65,-1.1338,1.8221,0.5495,"PI.413153"
"IsolateID  EsparatoFresa8",67,1.1258,0.5259,3.9,2.14,-0.352,2.6036,0.1011,"PI.413153"
"IsolateID  Fd18",68,1.3255,0.5256,3.9,2.52,-0.1528,2.8037,0.0672,"PI.413153"
"IsolateID  Fd28",69,2.0271,0.526,3.9,3.85,0.5495,3.5047,0.0193,"PI.413153"
"IsolateID  Fresa5258",70,1.8533,0.5259,3.9,3.52,0.3755,3.3311,0.0256,"PI.413153"
"IsolateID  FresaSD8",71,1.454,0.5257,3.9,2.77,-0.024,2.9321,0.0523,"PI.413153"
"IsolateID  Gallo18",72,0.8959,0.5256,3.9,1.7,-0.5823,2.3741,0.1658,"PI.413153"
"IsolateID  Gallo28",73,1.7003,0.5257,3.9,3.23,0.2223,3.1783,0.0333,"PI.413153"
"IsolateID  Geranium8",74,0.435,0.5257,3.9,0.83,-1.043,1.913,0.4559,"PI.413153"
"IsolateID  Grape8",75,1.1883,0.526,3.9,2.26,-0.2893,2.6659,0.0887,"PI.413153"
"IsolateID  KatieTomato8",76,1.7995,0.5259,3.9,3.42,0.3217,3.2773,0.028,"PI.413153"
"IsolateID  KernA28",77,0.828,0.526,3.9,1.57,-0.6495,2.3055,0.1926,"PI.413153"
"IsolateID  KernB18",78,1.6345,0.5256,3.9,3.11,0.1562,3.1128,0.0375,"PI.413153"
"IsolateID  KernB28",79,1.461,0.5256,3.9,2.78,-0.0173,2.9393,0.0517,"PI.413153"
"IsolateID  KGB28",80,1.6119,0.5256,3.9,3.07,0.1336,3.0902,0.039,"PI.413153"
"IsolateID  MEAP6G8",81,1.6282,0.5255,3.9,3.1,0.1498,3.1066,0.0379,"PI.413153"
"IsolateID  Mex038",82,1.4039,0.5259,3.9,2.67,-0.0739,2.8817,0.0576,"PI.413153"
"IsolateID  Molly8",83,2.1024,0.5256,3.9,4,0.6242,3.5806,0.0172,"PI.413153"
"IsolateID  Navel8",84,2.1348,0.5259,3.9,4.06,0.6571,3.6125,0.0163,"PI.413153"
"IsolateID  NobleRot8",85,0.5597,0.5255,3.9,1.07,-0.9187,2.0381,0.3487,"PI.413153"
"IsolateID  Peachy8",86,1.6866,0.5256,3.9,3.21,0.2083,3.1649,0.0342,"PI.413153"
"IsolateID  Pepper8",87,1.4132,0.5256,3.9,2.69,-0.065,2.8914,0.0566,"PI.413153"
"IsolateID  PepperSub8",88,1.2004,0.5256,3.9,2.28,-0.2779,2.6788,0.0866,"PI.413153"
"IsolateID  PhiloMenlo8",89,1.6871,0.5263,3.9,3.21,0.2101,3.1642,0.034,"PI.413153"
"IsolateID  Rasp8",90,1.7504,0.5255,3.9,3.33,0.272,3.2287,0.0306,"PI.413153"
"IsolateID  Rose8",91,0.9213,0.5256,3.9,1.75,-0.5569,2.3995,0.1568,"PI.413153"
"IsolateID  Supersteak8",92,1.5607,0.5258,3.9,2.97,0.0828,3.0386,0.0428,"PI.413153"
"IsolateID  Triple38",93,1.9704,0.5259,3.9,3.75,0.4927,3.4482,0.0211,"PI.413153"
"IsolateID  Triple78",94,0.1424,0.5257,3.9,0.27,-1.3357,1.6205,0.8003,"PI.413153"
"IsolateID  UKRazz8",95,2.1316,0.5258,3.9,4.05,0.6536,3.6096,0.0164,"PI.413153"
"IsolateID  1.01.019",1,1.8981,0.2939,152.8,6.46,1.3175,2.4788,0,"PI.413153"
"IsolateID  1.01.029",2,1.3651,0.2941,153,4.64,0.7841,1.946,0,"PI.413153"
"IsolateID  1.01.039",3,2.2212,0.2945,153.8,7.54,1.6394,2.803,0,"PI.413153"
"IsolateID  1.01.049",4,2.0506,0.2945,153.7,6.96,1.4688,2.6323,0,"PI.413153"
"IsolateID  1.01.069",5,1.4098,0.2941,153,4.79,0.8288,1.9907,0,"PI.413153"
"IsolateID  1.01.159",6,1.9068,0.3212,191.6,5.94,1.2732,2.5404,0,"PI.413153"
"IsolateID  1.02.019",7,1.5556,0.2939,152.8,5.29,0.9749,2.1363,0,"PI.413153"
"IsolateID  1.02.029",8,1.3953,0.2941,153,4.74,0.8144,1.9763,0,"PI.413153"
"IsolateID  1.02.039",9,1.4415,0.2941,153.1,4.9,0.8605,2.0225,0,"PI.413153"
"IsolateID  1.02.049",10,2.079,0.2943,153.4,7.06,1.4976,2.6604,0,"PI.413153"
"IsolateID  1.02.059",11,1.1652,0.294,152.9,3.96,0.5843,1.746,1e-04,"PI.413153"
"IsolateID  1.02.069",12,1.8518,0.2944,153.6,6.29,1.2703,2.4334,0,"PI.413153"
"IsolateID  1.02.139",13,0.6469,0.2942,153.3,2.2,0.0657,1.2282,0.0294,"PI.413153"
"IsolateID  1.02.159",14,1.7038,0.2942,153.3,5.79,1.1226,2.2851,0,"PI.413153"
"IsolateID  1.02.169",15,0.7267,0.2941,153.1,2.47,0.1457,1.3078,0.0146,"PI.413153"
"IsolateID  1.02.179",16,1.4943,0.2943,153.4,5.08,0.9128,2.0757,0,"PI.413153"
"IsolateID  1.02.189",17,0.1117,0.2944,153.6,0.38,-0.4699,0.6933,0.7048,"PI.413153"
"IsolateID  1.02.209",18,1.6895,0.294,153,5.75,1.1086,2.2704,0,"PI.413153"
"IsolateID  1.03.029",19,1.3641,0.2942,153.3,4.64,0.7828,1.9453,0,"PI.413153"
"IsolateID  1.03.049",20,1.9038,0.294,152.9,6.48,1.323,2.4847,0,"PI.413153"
"IsolateID  1.03.129",21,1.3365,0.2942,153.2,4.54,0.7554,1.9177,0,"PI.413153"
"IsolateID  1.03.169",22,1.0097,0.2944,153.6,3.43,0.4281,1.5912,8e-04,"PI.413153"
"IsolateID  1.03.189",23,1.9206,0.2939,152.7,6.54,1.34,2.5012,0,"PI.413153"
"IsolateID  1.03.199",24,1.5926,0.294,153,5.42,1.0117,2.1735,0,"PI.413153"
"IsolateID  1.03.209",25,-0.0626,0.2944,153.7,-0.21,-0.6443,0.5191,0.8319,"PI.413153"
"IsolateID  1.03.229",26,1.3298,0.2941,153.1,4.52,0.7488,1.9108,0,"PI.413153"
"IsolateID  1.03.239",27,1.0102,0.294,152.8,3.44,0.4295,1.5909,8e-04,"PI.413153"
"IsolateID  1.04.019",28,1.7061,0.2943,153.5,5.8,1.1247,2.2876,0,"PI.413153"
"IsolateID  1.04.029",29,0.5999,0.2939,152.8,2.04,0.0192,1.1806,0.043,"PI.413153"
"IsolateID  1.04.039",30,1.7837,0.2941,153.2,6.06,1.2026,2.3648,0,"PI.413153"
"IsolateID  1.04.049",31,1.7707,0.2938,152.7,6.03,1.1901,2.3512,0,"PI.413153"
"IsolateID  1.04.059",32,1.6099,0.2941,153.2,5.47,1.0287,2.191,0,"PI.413153"
"IsolateID  1.04.129",33,1.5205,0.2938,152.6,5.18,0.94,2.1009,0,"PI.413153"
"IsolateID  1.04.159",34,1.1506,0.2942,153.3,3.91,0.5694,1.7319,1e-04,"PI.413153"
"IsolateID  1.04.179",35,1.2357,0.2941,153.1,4.2,0.6546,1.8167,0,"PI.413153"
"IsolateID  1.04.199",36,1.8453,0.2944,153.6,6.27,1.2637,2.4269,0,"PI.413153"
"IsolateID  1.04.209",37,1.2496,0.2945,153.8,4.24,0.6678,1.8314,0,"PI.413153"
"IsolateID  1.04.219",38,1.1163,0.2947,154.1,3.79,0.5342,1.6984,2e-04,"PI.413153"
"IsolateID  1.04.259",39,1.4435,0.2941,153.1,4.91,0.8625,2.0246,0,"PI.413153"
"IsolateID  1.05.119",40,1.1632,0.2939,152.7,3.96,0.5826,1.7438,1e-04,"PI.413153"
"IsolateID  1.05.149",41,1.2293,0.2943,153.5,4.18,0.6478,1.8107,0,"PI.413153"
"IsolateID  1.05.179",42,0.9995,0.2943,153.4,3.4,0.4181,1.5809,9e-04,"PI.413153"
"IsolateID  1.05.229",43,1.7758,0.294,152.9,6.04,1.195,2.3566,0,"PI.413153"
"IsolateID  1.05.249",44,1.4198,0.2943,153.5,4.82,0.8383,2.0013,0,"PI.413153"
"IsolateID  2.04.039",45,1.9364,0.2945,153.7,6.58,1.3547,2.5181,0,"PI.413153"
"IsolateID  2.04.049",46,2.0922,0.2938,152.5,7.12,1.5118,2.6726,0,"PI.413153"
"IsolateID  2.04.089",47,2.1585,0.2939,152.8,7.34,1.5778,2.7392,0,"PI.413153"
"IsolateID  2.04.099",48,2.7888,0.294,153,9.48,2.2079,3.3697,0,"PI.413153"
"IsolateID  2.04.119",49,1.2479,0.2941,153,4.24,0.667,1.8289,0,"PI.413153"
"IsolateID  2.04.129",50,1.6593,0.2942,153.2,5.64,1.0782,2.2405,0,"PI.413153"
"IsolateID  2.04.149",51,1.4905,0.2944,153.6,5.06,0.909,2.0721,0,"PI.413153"
"IsolateID  2.04.179",52,1.4282,0.2938,152.5,4.86,0.8478,2.0087,0,"PI.413153"
"IsolateID  2.04.189",53,1.8324,0.294,153,6.23,1.2514,2.4133,0,"PI.413153"
"IsolateID  2.04.209",54,1.9888,0.3209,191,6.2,1.3558,2.6219,0,"PI.413153"
"IsolateID  2.04.219",55,1.0262,0.2946,153.9,3.48,0.4442,1.6081,6e-04,"PI.413153"
"IsolateID  20049",56,1.5847,0.2943,153.4,5.38,1.0033,2.1661,0,"PI.413153"
"IsolateID  94.19",57,1.6977,0.294,152.8,5.78,1.1169,2.2784,0,"PI.413153"
"IsolateID  94.49",58,0.8943,0.2942,153.2,3.04,0.3132,1.4754,0.0028,"PI.413153"
"IsolateID  Acacia9",59,1.4354,0.2943,153.4,4.88,0.854,2.0168,0,"PI.413153"
"IsolateID  Apple4049",60,1.8296,0.294,152.9,6.22,1.2487,2.4104,0,"PI.413153"
"IsolateID  Apple5179",61,1.9117,0.2941,153.1,6.5,1.3307,2.4927,0,"PI.413153"
"IsolateID  Ausubel9",62,1.2335,0.2938,152.6,4.2,0.653,1.8139,0,"PI.413153"
"IsolateID  B05.109",63,0.7357,0.2942,153.3,2.5,0.1544,1.317,0.0135,"PI.413153"
"IsolateID  BMM9",64,1.7262,0.2941,153.1,5.87,1.1451,2.3072,0,"PI.413153"
"IsolateID  BPA19",65,2.0674,0.2941,153.1,7.03,1.4863,2.6484,0,"PI.413153"
"IsolateID  DavisNavel9",66,0.4775,0.2942,153.3,1.62,-0.1038,1.0588,0.1067,"PI.413153"
"IsolateID  EsparatoFresa9",67,0.7521,0.2946,154,2.55,0.1702,1.3341,0.0117,"PI.413153"
"IsolateID  Fd19",68,1.8643,0.2941,153,6.34,1.2834,2.4452,0,"PI.413153"
"IsolateID  Fd29",69,1.6967,0.2945,153.8,5.76,1.1149,2.2786,0,"PI.413153"
"IsolateID  Fresa5259",70,1.627,0.2944,153.6,5.53,1.0455,2.2086,0,"PI.413153"
"IsolateID  FresaSD9",71,1.0692,0.2941,153.1,3.64,0.4882,1.6501,4e-04,"PI.413153"
"IsolateID  Gallo19",72,0.8453,0.2941,153.1,2.87,0.2643,1.4263,0.0046,"PI.413153"
"IsolateID  Gallo29",73,1.0258,0.2941,153.2,3.49,0.4447,1.6069,6e-04,"PI.413153"
"IsolateID  Geranium9",74,1.0108,0.2941,153.1,3.44,0.4298,1.5919,8e-04,"PI.413153"
"IsolateID  Grape9",75,0.8059,0.2945,153.8,2.74,0.224,1.3877,0.0069,"PI.413153"
"IsolateID  KatieTomato9",76,2.0311,0.2945,153.7,6.9,1.4494,2.6128,0,"PI.413153"
"IsolateID  KernA29",77,1.5957,0.2947,154.1,5.42,1.0136,2.1778,0,"PI.413153"
"IsolateID  KernB19",78,1.2954,0.2939,152.8,4.41,0.7146,1.8761,0,"PI.413153"
"IsolateID  KernB29",79,2.4863,0.2941,153,8.45,1.9053,3.0672,0,"PI.413153"
"IsolateID  KGB29",80,1.8323,0.2939,152.8,6.23,1.2516,2.4129,0,"PI.413153"
"IsolateID  MEAP6G9",81,1.4478,0.2938,152.6,4.93,0.8674,2.0283,0,"PI.413153"
"IsolateID  Mex039",82,0.9855,0.2944,153.6,3.35,0.404,1.5671,0.001,"PI.413153"
"IsolateID  Molly9",83,2.3063,0.294,152.9,7.84,1.7255,2.8872,0,"PI.413153"
"IsolateID  Navel9",84,1.8198,0.2945,153.9,6.18,1.238,2.4017,0,"PI.413153"
"IsolateID  NobleRot9",85,0.6173,0.2939,152.7,2.1,0.0367,1.1979,0.0373,"PI.413153"
"IsolateID  Peachy9",86,1.4849,0.2939,152.8,5.05,0.9042,2.0655,0,"PI.413153"
"IsolateID  Pepper9",87,0.8648,0.2941,153,2.94,0.2838,1.4457,0.0038,"PI.413153"
"IsolateID  PepperSub9",88,1.524,0.294,153,5.18,0.9432,2.1049,0,"PI.413153"
"IsolateID  PhiloMenlo9",89,1.1953,0.2951,154.9,4.05,0.6123,1.7783,1e-04,"PI.413153"
"IsolateID  Rasp9",90,1.9525,0.294,153,6.64,1.3716,2.5334,0,"PI.413153"
"IsolateID  Rose9",91,0.7986,0.2941,153.1,2.72,0.2176,1.3797,0.0074,"PI.413153"
"IsolateID  Supersteak9",92,2.1573,0.2943,153.5,7.33,1.5759,2.7387,0,"PI.413153"
"IsolateID  Triple39",93,1.2421,0.2945,153.9,4.22,0.6602,1.824,0,"PI.413153"
"IsolateID  Triple79",94,0.5496,0.2942,153.3,1.87,-0.0317,1.1308,0.0637,"PI.413153"
"IsolateID  UKRazz9",95,1.5608,0.2943,153.4,5.3,0.9794,2.1422,0,"PI.413153"
"IsolateID  1.01.0110",1,2.4175,0.3893,36.5,6.21,1.6283,3.2068,0,"PI.413153"
"IsolateID  1.01.0210",2,2.0462,0.3894,36.5,5.25,1.2568,2.8356,0,"PI.413153"
"IsolateID  1.01.0310",3,2.0856,0.39,36.7,5.35,1.2951,2.8761,0,"PI.413153"
"IsolateID  1.01.0410",4,1.7265,0.39,36.7,4.43,0.9361,2.5169,1e-04,"PI.413153"
"IsolateID  1.01.0610",5,2.0402,0.4194,47.9,4.86,1.1969,2.8835,0,"PI.413153"
"IsolateID  1.01.1510",6,1.6169,0.39,36.7,4.15,0.8265,2.4072,2e-04,"PI.413153"
"IsolateID  1.02.0110",7,1.6426,0.3894,36.5,4.22,0.8532,2.4321,2e-04,"PI.413153"
"IsolateID  1.02.0210",8,1.5819,0.3896,36.5,4.06,0.7922,2.3715,2e-04,"PI.413153"
"IsolateID  1.02.0310",9,1.619,0.3895,36.5,4.16,0.8294,2.4087,2e-04,"PI.413153"
"IsolateID  1.02.0410",10,1.5015,0.3897,36.5,3.85,0.7116,2.2914,5e-04,"PI.413153"
"IsolateID  1.02.0510",11,2.2589,0.3895,36.5,5.8,1.4693,3.0485,0,"PI.413153"
"IsolateID  1.02.0610",12,2.1146,0.3899,36.6,5.42,1.3244,2.9048,0,"PI.413153"
"IsolateID  1.02.1310",13,0.9589,0.4195,47.9,2.29,0.1154,1.8024,0.0267,"PI.413153"
"IsolateID  1.02.1510",14,2.0052,0.3897,36.6,5.15,1.2153,2.7951,0,"PI.413153"
"IsolateID  1.02.1610",15,1.3898,0.3896,36.5,3.57,0.6001,2.1796,0.001,"PI.413153"
"IsolateID  1.02.1710",16,2.1501,0.3899,36.6,5.51,1.3598,2.9404,0,"PI.413153"
"IsolateID  1.02.1810",17,-0.0243,0.3898,36.6,-0.06,-0.8143,0.7657,0.9506,"PI.413153"
"IsolateID  1.02.2010",18,1.9791,0.4193,47.9,4.72,1.1359,2.8223,0,"PI.413153"
"IsolateID  1.03.0210",19,2.4999,0.3897,36.6,6.42,1.71,3.2898,0,"PI.413153"
"IsolateID  1.03.0410",20,1.8339,0.3895,36.5,4.71,1.0444,2.6234,0,"PI.413153"
"IsolateID  1.03.1210",21,1.9885,0.3897,36.6,5.1,1.1987,2.7783,0,"PI.413153"
"IsolateID  1.03.1610",22,2.3031,0.3899,36.6,5.91,1.513,3.0933,0,"PI.413153"
"IsolateID  1.03.1810",23,1.9585,0.3894,36.5,5.03,1.1691,2.7479,0,"PI.413153"
"IsolateID  1.03.1910",24,1.6672,0.3896,36.5,4.28,0.8775,2.4569,1e-04,"PI.413153"
"IsolateID  1.03.2010",25,0.1666,0.3899,36.6,0.43,-0.6236,0.9569,0.6716,"PI.413153"
"IsolateID  1.03.2210",26,1.7801,0.3895,36.5,4.57,0.9906,2.5696,1e-04,"PI.413153"
"IsolateID  1.03.2310",27,1.8987,0.3895,36.5,4.87,1.1091,2.6882,0,"PI.413153"
"IsolateID  1.04.0110",28,1.8266,0.3899,36.6,4.68,1.0363,2.6169,0,"PI.413153"
"IsolateID  1.04.0210",29,1.0795,0.3894,36.5,2.77,0.29,1.8689,0.0087,"PI.413153"
"IsolateID  1.04.0310",30,1.6211,0.3896,36.6,4.16,0.8314,2.4107,2e-04,"PI.413153"
"IsolateID  1.04.0410",31,1.976,0.3893,36.4,5.08,1.1867,2.7654,0,"PI.413153"
"IsolateID  1.04.0510",32,1.8393,0.3897,36.6,4.72,1.0494,2.6292,0,"PI.413153"
"IsolateID  1.04.1210",33,2.0341,0.4193,47.8,4.85,1.191,2.8772,0,"PI.413153"
"IsolateID  1.04.1510",34,1.2592,0.3897,36.6,3.23,0.4693,2.0491,0.0026,"PI.413153"
"IsolateID  1.04.1710",35,1.6391,0.4196,48,3.91,0.7954,2.4828,3e-04,"PI.413153"
"IsolateID  1.04.1910",36,1.9645,0.3899,36.6,5.04,1.1742,2.7548,0,"PI.413153"
"IsolateID  1.04.2010",37,1.5239,0.39,36.7,3.91,0.7335,2.3144,4e-04,"PI.413153"
"IsolateID  1.04.2110",38,1.6363,0.39,36.7,4.2,0.8458,2.4268,2e-04,"PI.413153"
"IsolateID  1.04.2510",39,2.5465,0.3896,36.5,6.54,1.7567,3.3363,0,"PI.413153"
"IsolateID  1.05.1110",40,1.7822,0.3894,36.4,4.58,0.9927,2.5717,1e-04,"PI.413153"
"IsolateID  1.05.1410",41,1.9925,0.3898,36.6,5.11,1.2024,2.7827,0,"PI.413153"
"IsolateID  1.05.1710",42,1.0527,0.3898,36.6,2.7,0.2625,1.8429,0.0104,"PI.413153"
"IsolateID  1.05.2210",43,1.78,0.3893,36.4,4.57,0.9907,2.5693,1e-04,"PI.413153"
"IsolateID  1.05.2410",44,2.106,0.3899,36.7,5.4,1.3157,2.8962,0,"PI.413153"
"IsolateID  2.04.0310",45,2.9063,0.3899,36.6,7.45,2.1161,3.6965,0,"PI.413153"
"IsolateID  2.04.0410",46,3.1757,0.419,47.7,7.58,2.3331,4.0184,0,"PI.413153"
"IsolateID  2.04.0810",47,3.4667,0.3894,36.5,8.9,2.6772,4.2561,0,"PI.413153"
"IsolateID  2.04.0910",48,2.5509,0.3894,36.4,6.55,1.7615,3.3403,0,"PI.413153"
"IsolateID  2.04.1110",49,3.2541,0.3894,36.5,8.36,2.4647,4.0435,0,"PI.413153"
"IsolateID  2.04.1210",50,2.5234,0.3896,36.6,6.48,1.7336,3.3132,0,"PI.413153"
"IsolateID  2.04.1410",51,2.4265,0.3899,36.7,6.22,1.6361,3.2168,0,"PI.413153"
"IsolateID  2.04.1710",52,3.3124,0.3893,36.5,8.51,2.5233,4.1016,0,"PI.413153"
"IsolateID  2.04.1810",53,2.8516,0.3896,36.5,7.32,2.0619,3.6412,0,"PI.413153"
"IsolateID  2.04.2010",54,3.2002,0.3895,36.5,8.22,2.4106,3.9897,0,"PI.413153"
"IsolateID  2.04.2110",55,2.0119,0.39,36.8,5.16,1.2214,2.8023,0,"PI.413153"
"IsolateID  200410",56,1.2241,0.3898,36.6,3.14,0.434,2.0142,0.0033,"PI.413153"
"IsolateID  94.110",57,1.9634,0.3895,36.5,5.04,1.1739,2.7529,0,"PI.413153"
"IsolateID  94.410",58,1.3671,0.3897,36.6,3.51,0.5772,2.157,0.0012,"PI.413153"
"IsolateID  Acacia10",59,1.5031,0.3898,36.6,3.86,0.7131,2.2932,4e-04,"PI.413153"
"IsolateID  Apple40410",60,2.2742,0.3894,36.4,5.84,1.4849,3.0636,0,"PI.413153"
"IsolateID  Apple51710",61,2.6235,0.3896,36.5,6.73,1.8338,3.4133,0,"PI.413153"
"IsolateID  Ausubel10",62,1.5791,0.3893,36.4,4.06,0.79,2.3683,3e-04,"PI.413153"
"IsolateID  B05.1010",63,0.9476,0.3895,36.6,2.43,0.1581,1.7372,0.02,"PI.413153"
"IsolateID  BMM10",64,1.9058,0.3895,36.5,4.89,1.1162,2.6954,0,"PI.413153"
"IsolateID  BPA110",65,1.4743,0.3896,36.5,3.78,0.6845,2.2641,6e-04,"PI.413153"
"IsolateID  DavisNavel10",66,0.08,0.3898,36.6,0.21,-0.7101,0.87,0.8386,"PI.413153"
"IsolateID  EsparatoFresa10",67,1.1116,0.39,36.7,2.85,0.3212,1.902,0.0071,"PI.413153"
"IsolateID  Fd110",68,3.8545,0.4195,48,9.19,3.0111,4.6979,0,"PI.413153"
"IsolateID  Fd210",69,1.8305,0.39,36.7,4.69,1.04,2.621,0,"PI.413153"
"IsolateID  Fresa52510",70,2.17,0.4198,48.1,5.17,1.326,3.014,0,"PI.413153"
"IsolateID  FresaSD10",71,1.6652,0.4195,47.9,3.97,0.8217,2.5087,2e-04,"PI.413153"
"IsolateID  Gallo110",72,1.0499,0.3896,36.6,2.7,0.2602,1.8396,0.0106,"PI.413153"
"IsolateID  Gallo210",73,1.7485,0.3895,36.5,4.49,0.9589,2.538,1e-04,"PI.413153"
"IsolateID  Geranium10",74,0.7298,0.4193,47.9,1.74,-0.1134,1.5729,0.0882,"PI.413153"
"IsolateID  Grape10",75,1.5195,0.39,36.7,3.9,0.7291,2.31,4e-04,"PI.413153"
"IsolateID  KatieTomato10",76,2.4002,0.3899,36.7,6.16,1.6099,3.1904,0,"PI.413153"
"IsolateID  KernA210",77,1.3886,0.4199,48.2,3.31,0.5444,2.2328,0.0018,"PI.413153"
"IsolateID  KernB110",78,2.1838,0.3894,36.5,5.61,1.3943,2.9732,0,"PI.413153"
"IsolateID  KernB210",79,2.4761,0.3895,36.5,6.36,1.6866,3.2656,0,"PI.413153"
"IsolateID  KGB210",80,2.5196,0.3894,36.4,6.47,1.7302,3.309,0,"PI.413153"
"IsolateID  MEAP6G10",81,2.2074,0.3893,36.4,5.67,1.4183,2.9966,0,"PI.413153"
"IsolateID  Mex0310",82,1.8648,0.3898,36.6,4.78,1.0748,2.6548,0,"PI.413153"
"IsolateID  Molly10",83,2.5562,0.3895,36.5,6.56,1.7665,3.3458,0,"PI.413153"
"IsolateID  Navel10",84,1.7277,0.4198,48.1,4.12,0.8837,2.5717,2e-04,"PI.413153"
"IsolateID  NobleRot10",85,0.9834,0.3893,36.5,2.53,0.1941,1.7726,0.016,"PI.413153"
"IsolateID  Peachy10",86,2.0368,0.3894,36.4,5.23,1.2475,2.8262,0,"PI.413153"
"IsolateID  Pepper10",87,2.0737,0.3896,36.6,5.32,1.2839,2.8635,0,"PI.413153"
"IsolateID  PepperSub10",88,2.353,0.3895,36.5,6.04,1.5635,3.1425,0,"PI.413153"
"IsolateID  PhiloMenlo10",89,1.7807,0.3905,36.9,4.56,0.9894,2.572,1e-04,"PI.413153"
"IsolateID  Rasp10",90,2.6078,0.3895,36.5,6.7,1.8183,3.3973,0,"PI.413153"
"IsolateID  Rose10",91,0.9692,0.3897,36.6,2.49,0.1793,1.7591,0.0176,"PI.413153"
"IsolateID  Supersteak10",92,2.2721,0.3898,36.6,5.83,1.482,3.0622,0,"PI.413153"
"IsolateID  Triple310",93,2.5415,0.39,36.7,6.52,1.751,3.332,0,"PI.413153"
"IsolateID  Triple710",94,0.6119,0.3896,36.6,1.57,-0.1779,1.4017,0.125,"PI.413153"
"IsolateID  UKRazz10",95,2.7018,0.3898,36.6,6.93,1.9117,3.4919,0,"PI.413153"
"IsolateID  1.01.0111",1,1.8117,0.6526,1.6,2.78,-1.77,5.3933,0.1379,"PI.413153"
"IsolateID  1.01.0211",2,1.8399,0.6526,1.6,2.82,-1.7405,5.4203,0.1349,"PI.413153"
"IsolateID  1.01.0311",3,2.1206,0.6529,1.6,3.25,-1.4537,5.6948,0.1099,"PI.413153"
"IsolateID  1.01.0411",4,1.3754,0.6529,1.6,2.11,-2.1997,4.9505,0.1998,"PI.413153"
"IsolateID  1.01.0611",5,2.0349,0.6527,1.6,3.12,-1.5443,5.6141,0.1168,"PI.413153"
"IsolateID  1.01.1511",6,1.5307,0.6529,1.6,2.34,-2.0445,5.1059,0.1735,"PI.413153"
"IsolateID  1.02.0111",7,1.5025,0.6526,1.6,2.3,-2.0782,5.0833,0.178,"PI.413153"
"IsolateID  1.02.0211",8,1.3717,0.6527,1.6,2.1,-2.2082,4.9515,0.2006,"PI.413153"
"IsolateID  1.02.0311",9,1.821,0.6527,1.6,2.79,-1.7579,5.4,0.1368,"PI.413153"
"IsolateID  1.02.0411",10,1.5972,0.6528,1.6,2.45,-1.9807,5.175,0.164,"PI.413153"
"IsolateID  1.02.0511",11,2.1433,0.6527,1.6,3.28,-1.4366,5.7231,0.1084,"PI.413153"
"IsolateID  1.02.0611",12,1.8334,0.6528,1.6,2.81,-1.7433,5.41,0.1355,"PI.413153"
"IsolateID  1.02.1311",13,0.6612,0.6528,1.6,1.01,-2.9158,4.2383,0.439,"PI.413153"
"IsolateID  1.02.1511",14,1.7856,0.6528,1.6,2.74,-1.7922,5.3633,0.1406,"PI.413153"
"IsolateID  1.02.1611",15,1.0852,0.6527,1.6,1.66,-2.4933,4.6636,0.2673,"PI.413153"
"IsolateID  1.02.1711",16,1.6372,0.6528,1.6,2.51,-1.9388,5.2132,0.1585,"PI.413153"
"IsolateID  1.02.1811",17,0.1249,0.6528,1.6,0.19,-3.4523,3.7021,0.8696,"PI.413153"
"IsolateID  1.02.2011",18,1.4309,0.6527,1.6,2.19,-2.1487,5.0105,0.1899,"PI.413153"
"IsolateID  1.03.0211",19,1.4773,0.6528,1.6,2.26,-2.1006,5.0551,0.182,"PI.413153"
"IsolateID  1.03.0411",20,1.8556,0.6527,1.6,2.84,-1.7244,5.4355,0.1333,"PI.413153"
"IsolateID  1.03.1211",21,1.0916,0.6527,1.6,1.67,-2.4867,4.6698,0.2655,"PI.413153"
"IsolateID  1.03.1611",22,1.5239,0.6528,1.6,2.33,-2.0524,5.1002,0.1746,"PI.413153"
"IsolateID  1.03.1811",23,1.548,0.6526,1.6,2.37,-2.0333,5.1292,0.1711,"PI.413153"
"IsolateID  1.03.1911",24,1.7453,0.6527,1.6,2.67,-1.8336,5.3242,0.1452,"PI.413153"
"IsolateID  1.03.2011",25,0.2133,0.6528,1.6,0.33,-3.3629,3.7895,0.7814,"PI.413153"
"IsolateID  1.03.2211",26,1.5003,0.6526,1.6,2.3,-2.0801,5.0806,0.1784,"PI.413153"
"IsolateID  1.03.2311",27,1.8891,0.6527,1.6,2.89,-1.6909,5.4691,0.1299,"PI.413153"
"IsolateID  1.04.0111",28,1.7032,0.6529,1.6,2.61,-1.8724,5.2787,0.1501,"PI.413153"
"IsolateID  1.04.0211",29,0.941,0.6526,1.6,1.44,-2.6398,4.5219,0.3135,"PI.413153"
"IsolateID  1.04.0311",30,1.6517,0.6527,1.6,2.53,-1.9277,5.231,0.1567,"PI.413153"
"IsolateID  1.04.0411",31,2.0213,0.6526,1.6,3.1,-1.5594,5.6019,0.118,"PI.413153"
"IsolateID  1.04.0511",32,1.4491,0.6527,1.6,2.22,-2.1294,5.0275,0.1867,"PI.413153"
"IsolateID  1.04.1211",33,1.7658,0.6526,1.6,2.71,-1.8155,5.3471,0.1429,"PI.413153"
"IsolateID  1.04.1511",34,0.7709,0.6527,1.6,1.18,-2.8076,4.3494,0.3832,"PI.413153"
"IsolateID  1.04.1711",35,1.0077,0.6527,1.6,1.54,-2.5709,4.5862,0.2909,"PI.413153"
"IsolateID  1.04.1911",36,1.9212,0.6529,1.6,2.94,-1.6541,5.4965,0.1267,"PI.413153"
"IsolateID  1.04.2011",37,0.9754,0.6529,1.6,1.49,-2.5993,4.55,0.3015,"PI.413153"
"IsolateID  1.04.2111",38,0.9855,0.6529,1.6,1.51,-2.5892,4.5603,0.2981,"PI.413153"
"IsolateID  1.04.2511",39,1.3913,0.6527,1.6,2.13,-2.1869,4.9696,0.1969,"PI.413153"
"IsolateID  1.05.1111",40,1.6996,0.6527,1.6,2.6,-1.8806,5.2799,0.1506,"PI.413153"
"IsolateID  1.05.1411",41,2.047,0.6528,1.6,3.14,-1.5297,5.6237,0.1158,"PI.413153"
"IsolateID  1.05.1711",42,1.1787,0.6528,1.6,1.81,-2.3978,4.7551,0.2424,"PI.413153"
"IsolateID  1.05.2211",43,1.4774,0.6526,1.6,2.26,-2.1035,5.0584,0.1821,"PI.413153"
"IsolateID  1.05.2411",44,1.8689,0.6528,1.6,2.86,-1.7083,5.4461,0.1318,"PI.413153"
"IsolateID  2.04.0311",45,1.9918,0.6528,1.6,3.05,-1.5851,5.5688,0.1204,"PI.413153"
"IsolateID  2.04.0411",46,2.2724,0.6526,1.6,3.48,-1.3093,5.8541,0.0995,"PI.413153"
"IsolateID  2.04.0811",47,2.0305,0.6526,1.6,3.11,-1.5499,5.6108,0.1172,"PI.413153"
"IsolateID  2.04.0911",48,1.6422,0.6526,1.6,2.52,-1.9387,5.2231,0.1579,"PI.413153"
"IsolateID  2.04.1111",49,2.1118,0.6526,1.6,3.24,-1.469,5.6925,0.1108,"PI.413153"
"IsolateID  2.04.1211",50,1.7825,0.6527,1.6,2.73,-1.7959,5.3609,0.141,"PI.413153"
"IsolateID  2.04.1411",51,1.8813,0.6528,1.6,2.88,-1.6948,5.4573,0.1306,"PI.413153"
"IsolateID  2.04.1711",52,1.8787,0.6525,1.6,2.88,-1.7045,5.4618,0.131,"PI.413153"
"IsolateID  2.04.1811",53,2.2314,0.6527,1.6,3.42,-1.348,5.8107,0.1022,"PI.413153"
"IsolateID  2.04.2011",54,2.4393,0.6527,1.6,3.74,-1.1401,6.0188,0.0896,"PI.413153"
"IsolateID  2.04.2111",55,1.4432,0.6529,1.6,2.21,-2.1324,5.0188,0.1877,"PI.413153"
"IsolateID  200411",56,1.3293,0.6528,1.6,2.04,-2.2475,4.9061,0.2087,"PI.413153"
"IsolateID  94.111",57,1.4958,0.6527,1.6,2.29,-2.0845,5.0761,0.1791,"PI.413153"
"IsolateID  94.411",58,0.7961,0.6527,1.6,1.22,-2.7822,4.3743,0.3717,"PI.413153"
"IsolateID  Acacia11",59,1.2032,0.6528,1.6,1.84,-2.3735,4.7799,0.2364,"PI.413153"
"IsolateID  Apple40411",60,1.9861,0.6526,1.6,3.04,-1.5953,5.5676,0.121,"PI.413153"
"IsolateID  Apple51711",61,1.5418,0.6527,1.6,2.36,-2.0372,5.1207,0.172,"PI.413153"
"IsolateID  Ausubel11",62,1.3954,0.6526,1.6,2.14,-2.1865,4.9772,0.1962,"PI.413153"
"IsolateID  B05.1011",63,0.2179,0.6527,1.6,0.33,-3.3618,3.7975,0.7769,"PI.413153"
"IsolateID  BMM11",64,1.1491,0.6527,1.6,1.76,-2.4307,4.729,0.2499,"PI.413153"
"IsolateID  BPA111",65,1.8836,0.6527,1.6,2.89,-1.6947,5.4619,0.1304,"PI.413153"
"IsolateID  DavisNavel11",66,0.1922,0.6528,1.6,0.29,-3.385,3.7694,0.802,"PI.413153"
"IsolateID  EsparatoFresa11",67,0.6594,0.6529,1.6,1.01,-2.9159,4.2347,0.4401,"PI.413153"
"IsolateID  Fd111",68,2.6059,0.6527,1.6,3.99,-0.9739,6.1857,0.0812,"PI.413153"
"IsolateID  Fd211",69,1.7995,0.6529,1.6,2.76,-1.7742,5.3732,0.139,"PI.413153"
"IsolateID  Fresa52511",70,2.0629,0.6528,1.6,3.16,-1.513,5.6388,0.1144,"PI.413153"
"IsolateID  FresaSD11",71,1.8017,0.6527,1.6,2.76,-1.7768,5.3802,0.1389,"PI.413153"
"IsolateID  Gallo111",72,1.0814,0.6527,1.6,1.66,-2.4982,4.661,0.2684,"PI.413153"
"IsolateID  Gallo211",73,1.8027,0.6527,1.6,2.76,-1.7768,5.3823,0.1388,"PI.413153"
"IsolateID  Geranium11",74,0.6205,0.6527,1.6,0.95,-2.9593,4.2004,0.4623,"PI.413153"
"IsolateID  Grape11",75,1.4651,0.6529,1.6,2.24,-2.1092,5.0395,0.1839,"PI.413153"
"IsolateID  KatieTomato11",76,1.4608,0.6529,1.6,2.24,-2.1149,5.0365,0.1847,"PI.413153"
"IsolateID  KernA211",77,1.6896,0.653,1.6,2.59,-1.8832,5.2624,0.1517,"PI.413153"
"IsolateID  KernB111",78,1.8986,0.6526,1.6,2.91,-1.682,5.4792,0.129,"PI.413153"
"IsolateID  KernB211",79,2.4199,0.6527,1.6,3.71,-1.1602,6,0.0907,"PI.413153"
"IsolateID  KGB211",80,2.2861,0.6526,1.6,3.5,-1.2944,5.8667,0.0986,"PI.413153"
"IsolateID  MEAP6G11",81,1.4418,0.6526,1.6,2.21,-2.1403,5.0239,0.188,"PI.413153"
"IsolateID  Mex0311",82,1.5057,0.6528,1.6,2.31,-2.0711,5.0824,0.1775,"PI.413153"
"IsolateID  Molly11",83,1.8013,0.6527,1.6,2.76,-1.7785,5.3811,0.1389,"PI.413153"
"IsolateID  Navel11",84,2.0303,0.6529,1.6,3.11,-1.5455,5.6061,0.1171,"PI.413153"
"IsolateID  NobleRot11",85,1.1275,0.6526,1.6,1.73,-2.4543,4.7092,0.2557,"PI.413153"
"IsolateID  Peachy11",86,1.9933,0.6526,1.6,3.05,-1.5878,5.5744,0.1204,"PI.413153"
"IsolateID  Pepper11",87,1.4645,0.6527,1.6,2.24,-2.115,5.044,0.1842,"PI.413153"
"IsolateID  PepperSub11",88,1.9668,0.6526,1.6,3.01,-1.6136,5.5472,0.1227,"PI.413153"
"IsolateID  PhiloMenlo11",89,1.2703,0.6531,1.6,1.94,-2.2992,4.8397,0.2209,"PI.413153"
"IsolateID  Rasp11",90,2.421,0.6526,1.6,3.71,-1.1596,6.0016,0.0906,"PI.413153"
"IsolateID  Rose11",91,0.7893,0.6527,1.6,1.21,-2.7899,4.3684,0.3747,"PI.413153"
"IsolateID  Supersteak11",92,2.3682,0.6528,1.6,3.63,-1.2088,5.9453,0.0935,"PI.413153"
"IsolateID  Triple311",93,1.6369,0.6529,1.6,2.51,-1.9377,5.2115,0.1585,"PI.413153"
"IsolateID  Triple711",94,0.2968,0.6527,1.6,0.45,-3.2817,3.8754,0.7031,"PI.413153"
"IsolateID  UKRazz11",95,1.7572,0.6528,1.6,2.69,-1.8198,5.3343,0.1438,"PI.413153"
